June 2012,,,,,,,,
CTRY,CALLSIGN,NAME,Observations,N<30,N<60,N<120,N>360,Average (R-O) (mins)
    , B2M1297, ,1,1,1,1,0,30
    , B2M1303, ,17,16,17,17,0,17.9
    , BATEU00, ,366,366,366,366,0,5
    , BATEU05, ,326,326,326,326,0,5.1
    , BAREU00, ,597,587,597,597,0,4.2
    , BAREU04, ,543,540,543,543,0,2.8
    , BAREU08, ,549,548,549,549,0,1.8
    , BAREU11, ,587,489,587,587,0,13.3
    , BAREU12, ,328,239,328,328,0,15.8
    , BAREU51, ,503,449,503,503,0,8.7
    , BAREU54, ,460,460,460,460,0,2.7
    , BAREU56, ,366,365,365,365,1,0
    , BAREU58, ,414,345,414,414,0,14
    , BAREU60, ,334,329,334,334,0,3.4
    , BAREU62, ,386,304,386,386,0,15.2
    , BAREU63, ,291,290,290,290,1,4.8
    , BAREU64, ,366,338,366,366,0,11.7
    , BAREU65, ,651,651,651,651,0,0
    , BAREU66, ,481,382,481,481,0,15.1
    , BATEU02, ,413,413,413,413,0,5.5
    , BATEU03, ,232,232,232,232,0,5.7
    , BATEU04, ,400,400,400,400,0,5.3
    , BATEU08, ,490,490,490,490,0,5.5
    , BATEU09, ,470,470,470,470,0,5.3
    , BATFR01, ,175,175,175,175,0,4.7
    , BATFR02, ,314,314,314,314,0,4.8
    , BATFR03, ,478,478,478,478,0,4.5
    , BATFR04, ,284,284,284,284,0,4.3
    , BATFR05, ,195,195,195,195,0,5.6
    , BATFR08, ,590,590,590,590,0,4.8
    , BATFR09, ,471,471,471,471,0,4.8
    , BATFR10, ,328,328,328,328,0,5.2
    , BATFR11, ,234,234,234,234,0,4.7
    , BATFR12, ,193,193,193,193,0,4.5
    , BATFR13, ,387,387,387,387,0,4.7
    , BATFR14, ,346,346,346,346,0,4.8
    , BATFR15, ,278,278,278,278,0,4.8
    , BATFR16, ,364,364,364,364,0,5
    , BATFR17, ,34,34,34,34,0,4
    , BATFR18, ,446,446,446,446,0,4.8
    , BATFR20, ,310,310,310,310,0,5
    , BATFR21, ,370,370,370,370,0,5.2
    , BATFR22, ,295,295,295,295,0,4.8
    , BATFR23, ,12,12,12,12,0,6.7
    , BATFR24, ,571,571,571,571,0,4.9
    , BATFR27, ,441,441,441,441,0,4.8
    , BATFR28, ,495,495,495,495,0,5.3
    , BATFR29, ,471,471,471,471,0,4.9
    , BATFR32, ,325,325,325,325,0,3.2
    , BATFR33, ,307,307,307,307,0,4.9
    , BATFR34, ,260,260,260,260,0,5
    , BATFR35, ,301,301,301,301,0,5
    , BATFR36, ,320,320,320,320,0,5.8
    , BATFR39, ,221,221,221,221,0,5
    , BATFR41, ,263,263,263,263,0,5
    , BATFR42, ,432,432,432,432,0,5.6
    , BATFR44, ,153,153,153,153,0,3.9
    , BATFR45, ,239,239,239,239,0,4.4
    , BATFR46, ,432,432,432,432,0,5.4
    , BATFR47, ,307,307,307,307,0,5.7
    , BATFR48, ,201,201,201,201,0,5.6
    , BATFR49, ,401,401,401,401,0,4.4
    , BATFR52, ,510,510,510,510,0,5.4
    , BATFR53, ,60,60,60,60,0,4.1
    , BATFR54, ,430,430,430,430,0,5
    , BATFR55, ,330,330,330,330,0,5
    , BATFR56, ,524,524,524,524,0,4.8
    , BATFR58, ,537,537,537,537,0,4.9
    , BATFR59, ,80,80,80,80,0,5.4
    , BATFR60, ,218,218,218,218,0,4.9
    , BATFR61, ,2,2,2,2,0,6
    , BATFR62, ,98,98,98,98,0,4.9
    , BATFR63, ,180,180,180,180,0,5.4
    , MINFR00, ,574,70,212,444,0,86
    , MINFR03, ,649,35,131,322,17,141.3
    , MINFR09, ,672,65,210,430,6,114.9
    , AMOUK01, ,25,25,25,25,0,1.9
    , AMOUK02, ,503,502,502,503,0,2
    , AMOUK03, ,527,527,527,527,0,1.9
    , AMOUK05, ,524,524,524,524,0,1.8
    , AMOUK06, ,536,536,536,536,0,1.9
    , AMOUK08, ,547,547,547,547,0,1.8
    , AMOUK09, ,541,541,541,541,0,1.9
    , AMOUK10, ,166,165,165,166,0,2.3
    , AMOUK11, ,540,540,540,540,0,1.8
    , AMOUK12, ,540,538,538,540,0,2.1
    , AMOUK13, ,535,530,530,535,0,2.4
    , AMOUK14, ,526,526,526,526,0,1.9
    , AMOUK15, ,521,515,519,521,0,2.4
    , AMOUK16, ,345,345,345,345,0,1.9
    , AMOUK17, ,386,386,386,386,0,1.9
    , AMOUK19, ,409,409,409,409,0,1.8
    , AMOUK20, ,266,266,266,266,0,1.9
    , AMOUK21, ,548,548,548,548,0,1.9
    , AMOUK22, ,531,530,530,531,0,2
    , AMOUK23, ,526,525,525,526,0,2
    , AMOUK24, ,357,357,357,357,0,1.9
    , AMOUK25, ,523,522,523,523,0,2.1
    , AMOUK26, ,551,551,551,551,0,1.8
    , AMOUK27, ,473,473,473,473,0,1.8
    , AMOUK28, ,419,362,363,416,0,10.5
    , AMOUK29, ,524,522,522,524,0,2.1
    , AMOUK30, ,484,457,457,483,0,5.4
    , AMOUK31, ,485,451,451,483,0,6.4
    , AMOUK33, ,485,485,485,485,0,1.9
    , AMOUK34, ,545,545,545,545,0,1.9
    , AMOUK35, ,543,539,539,543,0,2.3
    , AMOUK36, ,548,547,547,548,0,1.9
    , BATEU01, ,493,493,493,493,0,5.1
    , BATEU06, ,510,510,510,510,0,5.5
    , BATUK01, ,656,654,655,656,0,12.6
    , IDDUK02, ,388,361,372,386,0,11.4
    , MINUK01, ,706,224,505,679,0,50.4
    , MINUK03, ,708,207,478,670,0,54.5
    , MINUK05, ,708,235,514,674,0,50.6
    , TBWUK03, ,27,9,22,25,0,51.7
    , TBWUK04, ,52,46,48,49,0,20.1
    , TBWUK05, ,14,6,7,13,0,56.6
    , TBWUK06, ,25,11,22,25,0,28.7
    , TBWUK08, ,2,2,2,2,0,10
    , TBWUK09, ,23,2,11,17,3,373.9
    , TBWUK11, ,71,50,63,66,2,54.4
    , TBWUK16, ,51,26,44,50,0,41.7
    , TBWUK18, ,24,7,14,23,1,122.6
    , TBWUK19, ,16,6,9,9,5,198.5
    , TBWUK30, ,25,13,19,19,3,92.7
    , TBWUK34, ,86,30,72,80,2,76.2
    , TBWUK35, ,75,36,65,74,0,41.8
    , TBWUK37, ,49,18,45,48,1,45.2
    , TBWUK38, ,19,15,18,19,0,21.4
    , TBWUK48, ,55,35,53,55,0,22.4
    , TBWUK49, ,4,2,3,4,0,29.5
    , TBWUK50, ,60,30,54,58,0,39.2
    , TBWUK51, ,14,0,6,11,2,218.1
AU  , VJD2969, ABURRI,5,1,3,5,0,63.4
AU  , 9KWP, AL SHUWAIKH,40,31,40,40,0,22.6
AU  , 2ALD3, ANL WANGARATTA,8,4,8,8,0,39.4
AU  , 9V7548, ANL WARRAIN,8,2,7,8,0,56.4
AU  , 2AJU5, ANL WYONG,18,12,16,18,0,30.4
AU  , 9VBX, APL AMAZONITE,8,6,7,8,0,28.6
AU  , A8TX8, APL BAHRAIN,5,1,3,5,0,51.6
AU  , A8TX9, APL RIYADH,59,31,55,59,0,35.5
AU  , VNW6069, ASHMORE GUARDIAN,38,23,26,29,3,106.6
AU  , C6HS4, BADER III,30,22,29,30,0,25.5
AU  , V7VZ6, CAPE MAAS,61,60,61,61,0,16.2
AU  , 9VEY2, CAPITAINE TASMAN,12,4,8,11,0,55.5
AU  , VK4041, CHANCE,19,19,19,19,0,10.5
AU  , VRWS4, CHEKIANG,12,11,12,12,0,17.8
AU  , VRUB2, CHENAN,8,8,8,8,0,15.4
AU  , VRSR, CHENGTU,29,28,29,29,0,17.4
AU  , VROC, CORAL CHIEF,12,12,12,12,0,18
AU  , PBLQ, DIAMANTGRACHT,1,1,1,1,0,15
AU  , VNJC, H.M.B. ENDEAVOUR,31,15,27,31,0,36.8
AU  , VROB, HIGHLAND CHIEF,26,11,26,26,0,30
AU  , VRRB, ISLAND CHIEF,22,21,22,22,0,18.1
AU  , VRRD, KOKOPO CHIEF,9,9,9,9,0,15.1
AU  , FHZI, L\'ASTROLABE,667,341,667,667,0,30.1
AU  , VMAL, LINDESAY CLARK,24,22,23,24,0,18
AU  , 9V8207, MAERSK BATUR,2,1,1,2,0,38.5
AU  , 9V8208, MAERSK BRANI,48,25,38,44,1,70.5
AU  , C6RI4, MAYSORA,47,39,46,47,0,24
AU  , VRFN8, MOL EMINENCE,16,9,16,16,0,26.9
AU  , VNVZ, NORTHWEST SANDERLING,12,12,12,12,0,11.6
AU  , VNVG, NORTHWEST SANDPIPER,16,12,14,16,0,25
AU  , ZCAO7, NORTHWEST SHEARWATER,32,6,20,32,0,69.2
AU  , VNVS, NORTHWEST SNIPE,20,20,20,20,0,13.1
AU  , VNVF, NORTHWEST STORMPETREL,1,1,1,1,0,10
AU  , VMQ8808, OCEANIC DISCOVERER,49,34,41,45,2,57.1
AU  , VRFS2, OOCL NEW ZEALAND,14,0,12,14,0,62.7
AU  , VRDU8, OOCL PANAMA,2,2,2,2,0,22.5
AU  , 2AGH7, PACIFIC DAWN,11,11,11,11,0,17.9
AU  , MPRZ, PACIFIC JEWEL,3,0,1,1,0,180
AU  , GRFP, PACIFIC PEARL,13,11,12,13,0,20.3
AU  , ZCDS3, PACIFIC PRINCESS,46,38,45,46,0,18.9
AU  , 9HA2479, PACIFIC SUN,671,521,671,671,0,22.1
AU  , ELXS8, PACIFIC TRIANGLE,9,9,9,9,0,13.9
AU  , VRRC, PAPUAN CHIEF,11,11,11,11,0,16.6
AU  , VNVM, PIONEER,8,5,6,8,0,38.9
AU  , VNAH, PORTLAND,438,221,438,438,0,30.6
AU  , V2OG2, PRINCESS MARY,14,14,14,14,0,15.4
AU  , VJRB, RIVER BOYNE,9,7,9,9,0,25.6
AU  , MNDC9, SAFMARINE MERU,10,9,10,10,0,19.2
AU  , MPJH9, SAFMARINE MULANJE,74,30,52,66,2,72.7
AU  , MGYB8, SANTA MONICA,56,52,54,55,1,26.2
AU  , VLHJ, SOUTHERN SURVEYOR,114,1,70,105,2,79.5
AU  , VNSZ, SPIRIT OF TASMANIA II,703,701,703,703,0,15.6
AU  , C6FS9, STADACONA,688,478,688,688,0,24.5
AU  , ZCBU6, SUN PRINCESS,7,3,5,6,0,56.1
AU  , V7PB5, TANDARA SPIRIT,9,6,8,9,0,36.7
AU  , VHAF, TASMANIAN ACHIEVER,18,7,15,18,0,42.1
CA  , VOPP, AIVIK,190,188,190,190,0,11.3
CA  , VCJM, ALGOMA ENTERPRISE,699,697,699,699,0,11.1
CA  , VAAP, ALGOSCOTIA,706,704,706,706,0,11
CA  , CGDT, AMUNDSEN,357,357,357,357,0,11
CA  , VCLM, ARCTIC,715,710,715,715,0,11.2
CA  , VOKJ, AVALON,709,707,709,709,0,11.1
CA  , CGDR, BARTLETT,368,366,368,368,0,11.1
CA  , VXKF, BLUE PUTTEES,715,713,715,715,0,11.1
CA  , CFN3031, C. T. M. A. VACANCIER,184,182,184,184,0,11.3
CA  , VCSZ, CABOT,701,699,701,701,0,11.1
CA  , VOKF, CAMILLA DESGAGNES,372,370,372,372,0,11.1
CA  , VCRG, CTMA MADELEINE,710,705,708,710,0,11.3
CA  , VCBW, DARA DESGAGNES,361,361,361,361,0,10.9
CA  , CGDX, DES GROSEILLIERS,610,608,610,610,0,11.1
CA  , CG2522, DUMIT,602,600,602,602,0,11.1
CA  , CG3029, EARL GREY,557,555,557,557,0,11.1
CA  , CG2992, ECKALOO,498,496,498,498,0,11.1
CA  , CGJV, EDWARD CORNWALLIS,189,189,189,189,0,11
CA  , CGCX, GEORGE R. PEARKES,715,713,715,715,0,11
CA  , CGBR, GORDON REID,705,703,705,705,0,11.1
CA  , CGDS, GRIFFON,655,652,655,655,0,11.1
CA  , CGHL, HENRY LARSEN,654,652,654,654,0,11.1
CA  , 8PSH, I. T. INTREPID,232,232,232,232,0,14.6
CA  , CG2958, JOHN P. TULLY,717,714,717,717,0,11.1
CA  , CZ3695, KELLY OVAYUAK,47,47,47,47,0,11
CA  , CG2350, LIMNOS,709,707,709,709,0,11.1
CA  , VCWL, MARIA DESGAGNES,538,531,535,538,0,11.5
CA  , CGCC, MARTHA L. BLACK,609,607,609,609,0,11.1
CA  , CZ9742, NAMAO,635,634,635,635,0,11
CA  , VCYL, NORDIK EXPRESS,637,635,637,637,0,11.3
CA  , CFN5537, NULIAJUK,459,457,459,459,0,11.1
CA  , VC6750, NUNAKPUT,653,651,653,653,0,11
CA  , VOLG, OCEANEX SANDERLING,555,553,555,555,0,11.1
CA  , VRYO3, OOCL MONTREAL,561,561,561,561,0,11
CA  , VCBZ, PETER R. CRESSWELL,632,630,632,632,0,11.1
CA  , CGSB, PIERRE RADISSON,658,656,658,658,0,11.1
CA  , CG2960, SAMUEL RISLEY,671,669,671,671,0,11.1
CA  , CGUM, SIR  WILLIAM ALEXANDER,601,600,601,601,0,11
CA  , CGJK, SIR WILFRID LAURIER,643,642,643,643,0,11
CA  , 3FZK3, SKAUBRYN,188,186,188,188,0,11.3
CA  , VOFG, STRAIT EXPLORER,603,601,603,603,0,11.1
CA  , CGBY, TANU,576,574,576,576,0,11.1
CA  , CGTF, TERRY FOX,702,700,702,702,0,11.1
CA  , CG2965, W. E. RICKER,713,711,713,713,0,11.1
CA  , C6SI6, WESTWOOD VICTORIA,713,708,712,712,1,11.8
CL  , CCES, ESMERALDA,52,19,24,32,8,163.1
CL  , CCLY, LYNCH,32,1,5,12,16,993.7
DE  , C6CN4, ALBATROS,20,4,8,18,0,60.5
DE  , A8UG6, ALDEBARAN,28,13,27,27,0,34.8
DE  , DDKK2, ALEXANDER VON HUMBOLDT 2,13,11,12,13,0,17.7
DE  , 9HXA5, ALGARVE,21,10,18,20,1,104.1
DE  , 9VKY3, ALGOL,4,3,4,4,0,18.5
DE  , 9VKY2, ALIOTH,12,8,12,12,0,23.2
DE  , DBND, ALKOR,646,646,646,646,0,2.6
DE  , V2AH1, ALVSBORG BRIDGE,33,3,7,31,0,65.1
DE  , DGLM, ANDRE RICKMERS,19,10,15,18,0,38.4
DE  , A8HJ2, ANGLIA,4,0,4,4,0,54
DE  , A8JM5, ANL BENALLA,19,19,19,19,0,15.3
DE  , A8IH2, ANL BINBURRA,25,0,20,25,0,66.8
DE  , A8JJ8, ANNABA,24,20,22,23,0,28.3
DE  , A8CC4, APL ARABIA,17,15,17,17,0,10.9
DE  , V2AJ8, APL ARGENTINA,1,0,0,1,0,71
DE  , A8CG6, APL CANADA,30,20,28,30,0,31.5
DE  , V2OB8, APL CHILE,12,3,10,11,0,40.2
DE  , A8JX9, APL DENMARK,6,3,5,5,1,81
DE  , A8BZ6, APL EGYPT,27,12,23,24,1,62.6
DE  , A8JX7, APL INDIA,9,6,9,9,0,23.2
DE  , A8SZ7, APL MANILA,34,22,33,34,0,30.5
DE  , A8JX8, APL SWEDEN,30,27,30,30,0,21.1
DE  , A8HJ6, AQUITANIA,6,0,1,6,0,103.8
DE  , DBBU, ARKONA,679,678,678,678,1,0
DE  , A8HJ8, AS ALICANTIA,10,8,9,9,1,393.2
DE  , A8TL9, AS CARELIA,25,20,25,25,0,19.2
DE  , A8JT4, AS CARIA,3,2,3,3,0,26.3
DE  , ZDKR4, AS CARINTHIA,1,1,1,1,0,11
DE  , A8KC9, AS CATALANIA,11,3,5,8,0,69.3
DE  , A8CK2, AS SCANDIA,2,1,2,2,0,21.5
DE  , A8XD5, AS VALDIVIA,40,34,38,40,0,14.2
DE  , A8SO8, AS VALENTIA,31,20,26,31,0,29
DE  , A8UA9, AS VENETIA,13,0,10,13,0,68
DE  , A8SO7, AS VICTORIA,10,8,10,10,0,10.9
DE  , A8VV3, AS VINCENTIA,62,51,59,61,0,21.7
DE  , A8SO9, AS VIRGINIA,25,7,16,22,0,58.6
DE  , DBBI, ATAIR,210,210,210,210,0,2.8
DE  , DILE, ATLANTA EXPRESS,55,50,54,55,0,16.5
DE  , A8AD6, BACO-LINER 1,7,7,7,7,0,8
DE  , A8AD7, BACO-LINER 2,24,15,20,24,0,26.5
DE  , A8SF7, BAHIA,29,23,27,28,0,24.9
DE  , A8SF8, BAHIA BLANCA,33,29,32,32,0,19.7
DE  , A8SF9, BAHIA CASTILLO,32,11,18,23,2,108.6
DE  , A8SG2, BAHIA GRANDE,16,16,16,16,0,11.4
DE  , A8SG3, BAHIA LAURA,26,25,26,26,0,7.8
DE  , A8ZP9, BALTRUM TRADER,21,1,9,21,0,62.4
DE  , DCPY2, BANGKOK EXPRESS,10,4,7,8,1,207.1
DE  , DGHX, BERLIN EXPRESS,47,45,47,47,0,15.8
DE  , ELVL8, BONAVIA,21,14,18,20,0,31.6
DE  , C6JC3, BREMEN,8,2,3,4,1,159.5
DE  , DGZL, BREMEN EXPRESS,160,151,155,155,1,25.1
DE  , DGWE2, BUDAPEST EXPRESS,12,10,12,12,0,15.2
DE  , DCPX2, BUSAN EXPRESS,46,32,43,45,0,29.1
DE  , A8UQ2, BUXHILL,7,6,7,7,0,21
DE  , DFCW2, CANBERRA EXPRESS,86,55,83,86,0,25
DE  , A8PG7, CAP BEAUFORT,10,10,10,10,0,11.7
DE  , A8PI5, CAP CASTILLO,18,14,17,18,0,18.9
DE  , A8MW8, CAP GABRIEL,23,17,21,23,0,24.8
DE  , A8MX4, CAP GREGORY,32,18,30,32,0,28.3
DE  , A8RH6, CAP HAMILTON,50,39,46,49,0,21.9
DE  , A8RH7, CAP HARALD,9,8,8,8,0,22.8
DE  , A8VD8, CAP HARRIET,45,32,40,42,3,112.2
DE  , A8VD9, CAP HARRISSON,67,48,66,67,0,23.7
DE  , A8VE2, CAP HARVEY,142,124,140,141,0,17.2
DE  , A8VE3, CAP HENRI,18,10,14,17,1,112.6
DE  , A8VL6, CAP JACKSON,56,44,55,56,0,20.1
DE  , A8VL7, CAP JERVIS,20,20,20,20,0,16.5
DE  , A8DK4, CAP MELVILLE,2,1,1,2,0,58.5
DE  , A8OH4, CAP PALLISER,139,132,139,139,0,9.8
DE  , A8DE3, CAP PALMAS,47,40,47,47,0,17
DE  , A8MW6, CAP PALMERSTON,45,36,45,45,0,20
DE  , A8NQ7, CAP PATTON,44,37,42,42,2,71.9
DE  , A8MQ9, CAP PORTLAND,68,48,63,67,0,23.2
DE  , DPJK, CAP RICARDA,70,49,66,70,0,20.2
DE  , A8IY4, CAP ROBERTA,17,17,17,17,0,10.5
DE  , A8RL5, CAP SCOTT,63,58,62,63,0,16.2
DE  , DMRG, CAP VALIENTE,63,49,58,62,1,24.5
DE  , A8IX9, CAP VERDE,24,17,23,24,0,24.1
DE  , V7JM2, CAPE MONDEGO,8,0,5,8,0,75.2
DE  , A8AC4, CARLOS FISCHER,14,6,13,14,0,31.1
DE  , A8HI8, CARPATHIA,17,10,15,17,0,29.2
DE  , A8IG4, CCNI ATENA,36,16,35,36,0,29.2
DE  , A8IX5, CHAITEN,14,3,11,14,0,44.6
DE  , DCUJ2, CHICAGO EXPRESS,37,27,36,37,0,23.6
DE  , A8HJ4, CIMBRIA,3,2,3,3,0,12
DE  , D5BB9, CMA CGM ALABAMA,5,3,4,5,0,22.4
DE  , DIHN, CMA CGM BALZAC,10,8,10,10,0,22.8
DE  , DHSI, CMA CGM BUENOS AIRES,31,15,24,30,0,40.4
DE  , A8NO8, CMA CGM BUTTERFLY,28,26,27,27,0,24.5
DE  , A8IE8, CMA CGM CARMEN,19,13,17,18,1,79.2
DE  , A8SU4, CMA CGM CORNEILLE,1,0,1,1,0,60
DE  , A8IE7, CMA CGM DON GIOVANNI,11,9,11,11,0,18.6
DE  , A8OF6, CMA CGM ESPERANZA,12,7,12,12,0,20.6
DE  , DCTA2, CMA CGM HUGO,45,39,45,45,0,22.4
DE  , A8NO9, CMA CGM IVANHOE,11,7,7,9,2,277.5
DE  , A8IG2, CMA CGM LAVENDER,3,2,3,3,0,28
DE  , A8IF2, CMA CGM MIMOSA,36,0,34,36,0,55.6
DE  , A8NO6, CMA CGM ORFEO,77,75,76,76,0,16.7
DE  , A8LP6, CMA CGM PARSIFAL,20,17,17,17,3,226.4
DE  , A8NO7, CMA CGM PELLEAS,14,0,1,5,1,175.8
DE  , DCPQ2, CMA CGM QINGDAO,4,0,2,2,0,171.2
DE  , DFUM2, CMA CGM VELA,19,10,17,18,0,47.8
DE  , DQXQ, CMA CGM VOLTAIRE,9,6,9,9,0,30.8
DE  , DIHC, COLOMBO EXPRESS,73,66,73,73,0,14.6
DE  , DDJR2, CONTI ANPING,1,0,1,1,0,52
DE  , A8OF7, CONTI ARABELLA,29,12,29,29,0,28.6
DE  , ELTN2, CONTI CHIWAN,1,0,1,1,0,32
DE  , A8OZ6, CONTI DAPHNE,2,1,1,1,1,321
DE  , A8NA3, CONTI ELEKTRA,1,0,0,0,0,130
DE  , A8IV9, CONTI EMDEN,10,0,8,10,0,66.5
DE  , A8VH7, CONTI ESPERANCE,7,4,4,5,0,71.7
DE  , A8QM9, CONTI GREENLAND,5,3,5,5,0,22.2
DE  , A8LL8, CONTI SALOME,12,9,11,12,0,21.2
DE  , DNHS, CONTI SHANGHAI,20,15,17,19,1,83.2
DE  , DNES, CONTI SINGA,20,19,20,20,0,11.7
DE  , DCSL2, COSCO CHINA,26,21,25,25,1,33.8
DE  , DDDO2, COSCO GERMANY,9,8,9,9,0,25.1
DE  , A8HG2, COSCO LONG BEACH,15,11,15,15,0,20.7
DE  , DDGK2, COSCO NAPOLI,31,0,23,31,0,67.9
DE  , A8GF4, COSCO SHENZHEN,18,17,17,18,0,16.4
DE  , A8EO8, COSCO VANCOUVER,27,24,24,26,0,27.4
DE  , A8EH3, COSCO YOKOHAMA,12,11,12,12,0,12.1
DE  , A8QR9, CS DISCOVERY,3,0,1,3,0,79.7
DE  , DQVL, CSAV APPENNINI,22,17,19,20,1,54.2
DE  , DBUV, CSAV HOUSTON,26,12,22,26,0,36.7
DE  , A8OH7, CSAV ITAJAI,6,4,5,6,0,30.8
DE  , A8TI2, CSAV LARAQUETE,14,12,12,12,0,57.7
DE  , A8IF5, CSAV PARIS,82,76,82,82,0,13.9
DE  , DQVN, CSAV PYRENEES,77,47,73,75,1,33.5
DE  , A8WC8, CSAV RIO BUENO,51,46,47,49,1,40.3
DE  , A8TC4, CSAV RIO ILLAPEL,23,22,23,23,0,12
DE  , A8RH4, CSAV ROMERAL,2,0,1,2,0,82.5
DE  , A8QL5, CSAV RUNGUE,29,16,24,25,2,104
DE  , A8PA8, CSAV RUPANCO,14,1,3,3,2,225.3
DE  , A8IF4, CSAV VALENCIA,13,13,13,13,0,18.5
DE  , A8FQ8, DAL KALAHARI,74,66,70,71,0,22.7
DE  , DGXS, DALIAN EXPRESS,39,38,38,38,1,19.5
DE  , DGAF, DALLAS EXPRESS,40,37,40,40,0,17.5
DE  , DBBA, DENEB,632,631,631,631,1,3.5
DE  , DMMC, DEUTSCHLAND,11,3,3,7,0,104.8
DE  , V2OD5, DOLLART TRADER,11,5,8,10,0,50.6
DE  , DHDE, DRESDEN EXPRESS,69,62,69,69,0,16.9
DE  , DDSB2, DUBLIN EXPRESS,72,70,72,72,0,13.3
DE  , DGDD, DUESSELDORF EXPRESS,45,43,45,45,0,11.7
DE  , A8SZ3, E.R. BAVARIA,25,21,25,25,0,14.3
DE  , A8VC9, E.R. BAYERN,23,22,23,23,0,21.5
DE  , A8UT7, E.R. BAYONNE,18,6,16,18,0,46.6
DE  , ELZX2, E.R. BERLIN,1,1,1,1,0,11
DE  , A8UU3, E.R. BOSTON,62,13,57,61,0,51.1
DE  , A8SZ5, E.R. BRANDENBURG,32,0,31,32,0,55.9
DE  , ELYA5, E.R. BRISBANE,24,19,21,24,0,23.6
DE  , A8UU2, E.R. BUENOS AIRES,25,23,25,25,0,16.9
DE  , A8FL5, E.R. CAEN,5,0,4,5,0,62.2
DE  , A8AL5, E.R. FREMANTLE,27,7,23,27,0,55.8
DE  , A8CS3, E.R. KINGSTON,15,12,13,15,0,22.1
DE  , DADD, E.R. MELBOURNE,47,38,46,46,0,20.2
DE  , A8CF3, E.R. NEW YORK,13,11,12,13,0,15.7
DE  , DBUQ, E.R. PUSAN,35,21,32,33,0,36.3
DE  , DPTL, E.R. STRALSUND,12,4,9,12,0,41.1
DE  , A8CS2, E.R. YANTIAN,4,3,4,4,0,14.2
DE  , DBEA, ELBE,650,649,649,649,1,0.5
DE  , ELWR2, ELBWOLF,49,13,34,38,2,84.6
DE  , DBKR, ELISABETH MANN BORGESE,670,669,669,669,1,3.3
DE  , A8GA5, EMIRATES GANGES,83,65,78,82,0,25
DE  , DHEE, ESSEN EXPRESS,28,22,23,24,3,174.9
DE  , DDZJ2, EVER CHAMPION,1,0,1,1,0,41
DE  , DDZI2, EVER CHARMING,6,6,6,6,0,13.2
DE  , DDZC2, EVER CHIVALRY,33,32,33,33,0,9.7
DE  , DDZD2, EVER CONQUEST,11,5,11,11,0,29.1
DE  , ELXU2, EYRENE,18,10,14,16,0,39.6
DE  , DGZS2, FRANKFURT EXPRESS,30,26,29,30,0,18.1
DE  , A8IY8, FRISIA KIEL,124,50,105,122,1,44
DE  , A8IY9, FRISIA LISSABON,14,13,14,14,0,21.4
DE  , A8IY6, FRISIA WISMAR,38,19,30,35,0,42.4
DE  , A8FW3, GASCHEM WESER,8,0,1,3,1,219.4
DE  , DDSC2, GLASGOW EXPRESS,90,79,86,89,0,21.1
DE  , DHDH, HANJIN AMSTERDAM,26,17,22,25,0,38.3
DE  , DHPU, HANJIN BASEL,56,0,0,0,52,950.4
DE  , DDZK2, HANJIN BOSTON,9,8,9,9,0,12.9
DE  , DCCN2, HANJIN CHICAGO,12,10,11,12,0,18.3
DE  , DHDM, HANJIN COPENHAGEN,63,38,55,55,7,187.7
DE  , DHZQ, HANJIN GENEVA,1,0,1,1,0,46
DE  , DAXJ, HANJIN GOTHENBURG,29,16,26,28,1,80.5
DE  , DQVJ, HANJIN HAIPHONG,14,12,13,13,0,35.5
DE  , DPUW, HANJIN HELSINKI,1,0,0,1,0,101
DE  , DCCM2, HANJIN LISBON,8,2,7,7,1,127.5
DE  , DHQS, HANJIN MADRID,1,1,1,1,0,21
DE  , DQVH, HANJIN MUNDRA,22,20,22,22,0,19.7
DE  , DEDM, HANJIN PALERMO,10,9,10,10,0,7.2
DE  , A8CN8, HANJIN PHILADELPHIA,7,4,6,7,0,42.4
DE  , A8CN9, HANJIN PHOENIX,21,13,19,21,0,29.6
DE  , A8CP6, HANJIN PRETORIA,18,12,18,18,0,21.6
DE  , DQVM, HANJIN SAN DIEGO,36,33,34,35,0,20.9
DE  , DFHA, HANJIN TAIPEI,1,0,1,1,0,46
DE  , DIBZ, HANJIN VIENNA,33,24,29,30,1,50.5
DE  , DDYZ2, HANJIN YANTIAN,5,2,5,5,0,29.2
DE  , DFGX2, HANOVER EXPRESS,23,22,23,23,0,12
DE  , DHAF, HANSA ATLANTIC,14,10,12,14,0,21.4
DE  , ELWO6, HANSA BREMEN,74,30,45,57,3,96
DE  , A8NG3, HANSA CLOPPENBURG,6,4,5,5,1,104.3
DE  , DHHZ, HANSA CONSTITUTION,4,2,3,3,1,371.2
DE  , DPTT, HANSA INDIA,23,11,17,22,1,65.7
DE  , ELUC5, HANSA LUEBECK,44,17,25,34,1,83.6
DE  , ELUA3, HANSA STOCKHOLM,11,5,7,9,1,86.4
DE  , DBZT, HANSA VICTORY,16,15,16,16,0,13.8
DE  , ELWR5, HANSA VISBY,15,15,15,15,0,8.3
DE  , DDZG2, HATSU COURAGE,5,1,5,5,0,37.2
DE  , DDZH2, HATSU CRYSTAL,32,22,31,32,0,17.6
DE  , A8CG7, HEIKE P,20,13,19,20,0,21.8
DE  , DBCK, HEINCKE,634,634,634,634,0,3.3
DE  , A8IS6, HELLE RITSCHER,3,1,3,3,0,32.7
DE  , DPUA, HELVETIA,1,0,1,1,0,41
DE  , DDSE2, HERMANN WULFF,13,13,13,13,0,14
DE  , V2CL5, HERMES,32,2,16,29,2,154.8
DE  , DHER, HOECHST EXPRESS,18,14,17,18,0,21.3
DE  , DHEB, HONG KONG EXPRESS,15,13,14,14,1,111.8
DE  , DCCR2, HOUSTON EXPRESS,5,5,5,5,0,0.8
DE  , D5AG8, HR RECOGNITION,35,1,1,11,10,388.9
DE  , D5AG9, HR RESOLUTION,2,1,1,2,0,39.5
DE  , A8GK6, HS BEETHOVEN,14,7,11,12,0,49
DE  , DDDI2, HYUNDAI TIANJIN,84,25,48,59,3,104.7
DE  , A8GH5, IBN ASAKIR,155,26,147,152,1,41.4
DE  , A8RU5, ILSE WULFF,15,2,8,12,1,95.4
DE  , A8MM4, INDEPENDENT ACCORD,6,1,5,6,0,39
DE  , A8MJ4, INDEPENDENT CONCEPT,9,1,1,4,2,181.9
DE  , A8MB5, INDEPENDENT PURSUIT,17,14,14,14,1,64.8
DE  , A8CG2, INDEPENDENT VENTURE,8,2,4,7,0,62.2
DE  , A8XY2, INDEPENDENT VOYAGER,46,42,45,46,0,14
DE  , A8CH8, ISODORA,20,5,18,20,0,44.7
DE  , A8ID9, ITAJAI EXPRESS,23,22,23,23,0,13.5
DE  , DDZF2, ITAL CONTESSA,3,1,2,2,1,501
DE  , A8LN2, ITAL ORIENTE,25,13,21,24,0,45
DE  , A8FA5, JANUS,11,5,11,11,0,26.6
DE  , A8RV6, JPO DELPHINUS,26,4,15,26,0,68.2
DE  , A8RW2, JPO DORADO,1,0,1,1,0,42
DE  , A8VF7, JPO GEMINI,24,24,24,24,0,10.2
DE  , A8GU4, JPO LEO,26,22,25,25,0,20.5
DE  , A8KC6, JPO SCORPIOS,43,37,41,43,0,17.8
DE  , A8RW4, JPO TUCANA,14,4,11,14,0,51.2
DE  , A8RV7, JPO VELA,16,8,13,14,2,216.6
DE  , A8RV9, JPO VIRGO,7,6,7,7,0,14.7
DE  , A8RW3, JPO VOLANS,92,66,91,92,0,23.1
DE  , A8RW5, JPO VULPECULA,5,3,4,5,0,28.4
DE  , DDLK, JULIUS S,13,10,13,13,0,16.5
DE  , A8FA6, JUPITER,9,1,4,8,0,73.9
DE  , V2NA1, KATHARINA S,28,22,28,28,0,18.6
DE  , DEHZ, KIEL EXPRESS,104,85,99,100,1,26.5
DE  , DGSE, KOBE EXPRESS,27,27,27,27,0,7.1
DE  , A8KJ4, KOLLMAR,1,0,0,0,0,233
DE  , ELVZ7, KOTA MAJU,5,1,5,5,0,34.6
DE  , ELZY4, KOTA SEGAR,5,1,5,5,0,33.2
DE  , DFNB2, KUALA LUMPUR EXPRESS,50,0,46,50,0,57.3
DE  , DCPI2, KYOTO EXPRESS,19,19,19,19,0,10.4
DE  , DIJY2, LEBLON,26,21,26,26,0,17.1
DE  , DEHY, LEVERKUSEN EXPRESS,57,51,52,52,5,134.9
DE  , A8AY3, LILY OLDENDORFF,2,0,1,1,1,544.5
DE  , DDSD2, LIVERPOOL EXPRESS,48,46,48,48,0,12.7
DE  , ELZU3, LIWIA P,18,8,17,18,0,34.2
DE  , DPLE, LONDON EXPRESS,131,122,131,131,0,16.6
DE  , DCPZ2, LOS ANGELES EXPRESS,17,8,17,17,0,33.2
DE  , DDYY2, LT CORTESIA,9,6,6,9,0,41.2
DE  , A8GU5, MAERSK DABOU,5,4,5,5,0,26.4
DE  , A8EH5, MAERSK DALLAS,19,14,19,19,0,19.3
DE  , A8OU4, MAERSK DAMIETTA,10,8,8,9,0,35
DE  , A8IJ4, MAERSK DANBURY,57,41,55,57,0,23.8
DE  , A8GU6, MAERSK DANVILLE,7,6,7,7,0,19.7
DE  , DDBB2, MAERSK DELLYS,65,10,57,63,0,53.9
DE  , A8EH2, MAERSK DENVER,35,26,33,34,1,31.7
DE  , DDAC2, MAERSK DERINCE,36,26,35,35,0,29.2
DE  , A8PX5, MAERSK DHAHRAN,14,4,14,14,0,31.6
DE  , A8IY2, MAERSK DIEPPE,39,38,39,39,0,11.1
DE  , A8JE6, MAERSK DRURY,32,29,30,32,0,18.2
DE  , A8GU8, MAERSK DUNCAN,16,16,16,16,0,10.8
DE  , A8IX7, MAERSK DUNEDIN,15,11,14,15,0,27.5
DE  , A8PX4, MAERSK JEFFERSON,6,0,2,6,0,65.2
DE  , A8PW8, MAERSK KARLSKRONA,28,16,19,25,1,63.1
DE  , VREX7, MAERSK NIAMEY,3,3,3,3,0,11.7
DE  , VRFO7, MAERSK NIMES,23,13,16,19,0,52.2
DE  , VRFW5, MAERSK NITEROI,16,7,12,16,0,34.5
DE  , A8MZ9, MAERSK SEMARANG,39,36,39,39,0,13.7
DE  , DDJQ2, MAERSK SHEERNESS,19,2,17,19,0,53.9
DE  , DDSX2, MAERSK SURABAYA,43,38,42,42,1,47.7
DE  , A8SE3, MALLECO,11,3,10,11,0,49.6
DE  , V2OS3, MARE GALLICUM,21,6,15,20,1,62
DE  , DBBT, MARIA S. MERIAN,686,685,685,685,1,0
DE  , ELSP9, MASOVIA,3,0,2,3,0,73.3
DE  , A8CC9, MATILDE,64,60,63,64,0,11.4
DE  , A8JR5, MCC SHANGHAI,42,32,39,39,0,31.1
DE  , DBFX, MEERKATZE,8,0,0,0,0,343.5
DE  , DBPG, MELLUM,1,0,0,1,0,102
DE  , V2OH7, MENTOR,2,0,0,1,0,131.5
DE  , DEIR, MERKUR BAY,8,3,7,7,0,55.8
DE  , ELZA5, MERKUR CLOUD,41,36,41,41,0,17.3
DE  , DDPH, MERKUR SKY,33,31,31,32,1,37.2
DE  , DBBH, METEOR,656,573,606,630,4,29.1
DE  , DDJI, MICHAELA S,1,0,1,1,0,42
DE  , A8MG8, MIZAR,11,3,10,11,0,34.2
DE  , A8RL4, MOL CALEDON,56,56,56,56,0,12.2
DE  , A8IX8, MOL CULLINAN,40,33,40,40,0,21.1
DE  , V2MH, MOL DREAM,16,13,15,15,1,78.9
DE  , A8CH9, MOL SYMPHONY,2,0,0,0,2,518.5
DE  , DGOH2, MONTE ACONCAGUA,19,9,19,19,0,33.5
DE  , DFWV2, MONTE ALEGRE,16,16,16,16,0,14.9
DE  , DFTH2, MONTE AZUL,5,4,5,5,0,16.2
DE  , DHTK, MONTE CERVANTES,52,47,52,52,0,15
DE  , DAJC, MONTE OLIVIA,25,19,25,25,0,19.4
DE  , DNCQ, MONTE PASCOAL,7,7,7,7,0,12.1
DE  , DGHJ, MONTE ROSA,18,18,18,18,0,11.7
DE  , DCLH2, MONTE SARMIENTO,8,3,8,8,0,36.8
DE  , DFKP2, MONTE TAMARO,14,11,13,14,0,21.1
DE  , DPOG, MSC ADRIATIC,73,66,72,73,0,15.2
DE  , DPMT, MSC ANTARES,25,15,25,25,0,24.2
DE  , A8ZU9, MSC BARCELONA,53,37,52,53,0,24.5
DE  , A8YD3, MSC BARI,23,12,20,20,3,210.8
DE  , A8HS4, MSC BEIJING,38,33,38,38,0,18.9
DE  , DIUR2, MSC BENEDETTA,28,22,27,28,0,23
DE  , A8IM7, MSC BILBAO,6,2,2,6,0,59.5
DE  , A8LK7, MSC BREMEN,30,16,28,29,1,71.9
DE  , A8EY5, MSC BRINDISI,7,7,7,7,0,10.4
DE  , A8HS3, MSC BRUXELLES,28,20,25,28,0,24.9
DE  , A8HR5, MSC BUSAN,9,8,9,9,0,15.6
DE  , DDJG2, MSC CAROUGE,12,8,12,12,0,26.6
DE  , A8JC5, MSC CHARLESTON,74,66,72,74,0,18.7
DE  , A8HS2, MSC CHICAGO,27,26,27,27,0,15.6
DE  , D5BU7, MSC CRISTINA,167,107,152,167,0,28.6
DE  , A8IG3, MSC DAVOS,3,3,3,3,0,13.3
DE  , A8VG3, MSC ENGLAND,30,26,29,30,0,21.9
DE  , A8KO3, MSC FIRENZE,1,0,0,1,0,112
DE  , DHZR, MSC FLAMINIA,25,5,14,21,1,89
DE  , A8GJ5, MSC FLORIDA,17,5,10,13,0,71.6
DE  , A8VH6, MSC FUJI,5,3,5,5,0,28.4
DE  , DBUT, MSC GEMMA,17,9,16,17,0,29.9
DE  , A8UX5, MSC GENOVA,27,8,24,27,0,43
DE  , DARU, MSC ILONA,21,18,20,21,0,14
DE  , A8LL9, MSC LISBON,18,16,18,18,0,17.8
DE  , DIGY2, MSC LIVORNO,11,9,10,11,0,18.9
DE  , DPJW, MSC MIRA,37,24,34,35,0,34.2
DE  , D5BL4, MSC MONTEREY,8,8,8,8,0,13.8
DE  , A8CJ2, MSC PRAGUE,4,3,4,4,0,0
DE  , A8KX4, MSC ROMA,54,44,50,53,0,23.5
DE  , A8HO3, MSC SHANGHAI,9,7,9,9,0,16.2
DE  , DQVI, MSC TANZANIA,18,16,18,18,0,16.6
DE  , A8ZE4, MSC TARANTO,82,79,82,82,0,13.4
DE  , DCSY2, MSC TEXAS,20,16,18,20,0,24.5
DE  , A8JM6, MSC TOKYO,3,2,2,3,0,46.3
DE  , DQVK, MSC UGANDA,14,14,14,14,0,3.8
DE  , D5BE4, MSC VEGA,42,29,38,40,0,33
DE  , A8CI9, MSC VIENNA,16,7,12,16,0,50.5
DE  , A8ZV8, MSC VIGO,47,34,43,46,0,24.2
DE  , V7LZ9, NADIR,10,6,8,10,0,35.7
DE  , DGWD2, NAGOYA EXPRESS,77,47,75,76,1,46.9
DE  , A8EG9, NEDLLOYD VALENTINA,13,6,6,6,5,532.8
DE  , V7LZ8, NEPTUN,3,1,1,3,0,48.7
DE  , DBJM, NEUWERK,691,690,690,690,1,0.3
DE  , VSXC9, NEW ORLEANS EXPRESS,11,8,10,10,1,49.6
DE  , A8IT6, NILEDUTCH DURBAN,6,5,5,5,0,39.8
DE  , A8JK4, NILEDUTCH GUANGHOU,27,15,25,26,0,34.3
DE  , A8XA3, NILEDUTCH SHENZHEN,15,12,14,14,1,67.9
DE  , DGOS, NORFOLK EXPRESS,43,34,42,43,0,22.9
DE  , A8CB7, NORTHERN ENDEAVOUR,19,1,1,5,3,215.8
DE  , A8CB9, NORTHERN ENDURANCE,70,45,61,68,0,35.9
DE  , A8HA7, NORTHERN ENTERPRISE,6,0,0,2,2,462
DE  , D5BI4, NORTHERN RELIANCE,1,0,1,1,0,31
DE  , DCQR2, NORTHERN VIVACITY,23,9,18,23,0,45.5
DE  , DCSI2, NORTHERN VOLITION,7,5,6,6,1,231.4
DE  , DEGI, NOVIA,17,15,17,17,0,16
DE  , DDFD2, NYK GALAXY,1,1,1,1,0,30
DE  , V2FN, OCEAN,1,0,0,0,0,261
DE  , A8LG7, OLIVIA,14,0,10,14,0,70.6
DE  , DEGK, OLIVIA,36,28,35,36,0,14.1
DE  , V2KA9, OMEGAGAS,4,0,1,2,0,120
DE  , 9HA2545, ORION,13,0,13,13,0,43.3
DE  , DDVK2, OSAKA EXPRESS,17,13,16,16,0,22.8
DE  , A8MV6, PACIFIC FANTASY,21,5,19,20,0,41.4
DE  , DCSZ2, PACIFIC LINK,11,9,10,10,1,145.2
DE  , DBRE, PARADISE N,11,4,9,11,0,49.1
DE  , DIHE, PARIS EXPRESS,21,21,21,21,0,10.7
DE  , ZDKS7, PAZIFIK,8,7,8,8,0,16.2
DE  , A8CO2, PIRO,33,18,26,29,1,90.5
DE  , DBLK, POLARSTERN,186,123,123,146,3,55.6
DE  , ELZU7, POMMERN,1,1,1,1,0,30
DE  , A8UN3, PORTO,6,4,6,6,0,22.3
DE  , DQVO, PORTUGAL,6,6,6,6,0,8
DE  , DIOB, POS HONGKONG,31,23,30,30,0,39.2
DE  , DBKV, POSEIDON,558,557,557,557,1,0
DE  , A8NF2, POSEN,40,22,31,40,0,35.3
DE  , ELZU8, POTSDAM,22,0,16,22,0,70.1
DE  , ELYS6, POWHATAN,2,2,2,2,0,13
DE  , DGZR2, PRAGUE EXPRESS,3,3,3,3,0,10.7
DE  , ELYP7, PREMNITZ,26,21,26,26,0,13.9
DE  , A8KY7, PUELCHE,19,3,11,16,1,111.8
DE  , DQVG, PUSAN,21,19,21,21,0,10.3
DE  , A8TH7, RDO CONCERT,37,0,32,36,0,64.4
DE  , V7EG5, RICKMERS ANTWERP,2,1,2,2,0,42.5
DE  , V7FS3, RICKMERS DALIAN,97,38,60,63,25,259.5
DE  , V7FF2, RICKMERS NEW ORLEANS,6,3,5,6,0,35.7
DE  , V7EE5, RICKMERS SINGAPORE,13,10,12,13,0,20.8
DE  , V7DW6, RICKMERS TOKYO,7,5,7,7,0,25.9
DE  , D5BO9, RIO BLANCO,18,16,17,17,0,17
DE  , DDID2, RIO DE JANEIRO,22,15,21,22,0,22
DE  , DMQN, RIO DE LA PLATA,9,8,9,9,0,12.8
DE  , DGUG2, RIO MADEIRA,29,27,29,29,0,14.7
DE  , DFVY2, RIO NEGRO,22,3,5,8,8,242.5
DE  , A8JR4, RIO TAKU,50,47,50,50,0,13.2
DE  , DMRX, ROTTERDAM EXPRESS,69,65,68,69,0,13.4
DE  , A8CI8, SAAR N,63,38,46,46,17,228.8
DE  , DILS, SAMARIA,39,37,39,39,0,13.9
DE  , A8PC8, SAN ADRIANO,64,52,59,64,0,36.5
DE  , A8PG8, SAN ALESSIO,13,10,12,13,0,27.4
DE  , A8OK6, SAN AMERIGO,11,6,8,11,0,40.7
DE  , A8OK7, SAN ANDRES,19,13,14,19,0,39.4
DE  , A8PC7, SAN ANTONIO,7,5,7,7,0,23
DE  , A8PC9, SAN AURELIO,18,17,18,18,0,14.6
DE  , ELVB3, SAN CLEMENTE,29,14,25,29,0,42.2
DE  , ELVB6, SAN CRISTOBAL,26,14,24,24,1,88.3
DE  , DNEN, SAN FELIPE,31,27,30,30,0,24.3
DE  , DIGF, SAN FRANCISCO,26,15,26,26,0,24.1
DE  , ELVG8, SAN ISIDRO,1,0,1,1,0,52
DE  , ELVG2, SAN VICENTE,23,21,23,23,0,13.2
DE  , A8JZ4, SANTA BALBINA,10,7,10,10,0,31.5
DE  , ELVF4, SANTA BARBARA,43,26,41,42,0,38.7
DE  , A8JZ3, SANTA BELINA,23,7,19,23,0,51.6
DE  , A8NQ5, SANTA BETTINA,25,23,25,25,0,13.9
DE  , A8OK5, SANTA BIANCA,19,14,19,19,0,22.1
DE  , A8YJ9, SANTA CATARINA,26,3,6,12,7,256.2
DE  , DAJT, SANTA CLARA,17,11,16,17,0,25.1
DE  , A8YW2, SANTA CRUZ,39,37,38,38,1,24.3
DE  , A8IR6, SANTA ELENA 1,1,1,1,1,0,10
DE  , A8IQ2, SANTA FELICITA,28,21,27,28,0,22.9
DE  , DGSR, SANTA FRANCESCA,39,27,38,39,0,25.6
DE  , A8IP8, SANTA GIANNINA,86,51,76,84,0,31.5
DE  , A8IP9, SANTA GIORGINA,7,4,6,6,1,137.9
DE  , DGGH, SANTA GIOVANNA,13,12,12,13,0,14.3
DE  , ELYR2, SANTA GIULIANA,21,17,18,21,0,22
DE  , DGGE, SANTA GIULIETTA,16,15,16,16,0,13.9
DE  , ELVG7, SANTA MONICA,4,4,4,4,0,12
DE  , A8IY3, SANTA PAOLA,35,25,32,32,2,48.4
DE  , DCDO2, SANTA PELAGIA,60,46,60,60,0,21.2
DE  , DCDP2, SANTA PHILIPPA,15,15,15,15,0,13.6
DE  , DPRB, SANTA RAFAELA,12,5,5,12,0,44.6
DE  , DPGZ, SANTA REBECCA,15,13,15,15,0,15.8
DE  , DIOY2, SANTA RITA,32,22,29,30,1,44.8
DE  , A8RK9, SANTA ROMANA,16,0,10,16,0,75.8
DE  , A8ZS7, SANTA ROSA,19,0,1,6,4,236.9
DE  , A8RL2, SANTA ROSANNA,18,16,18,18,0,15.1
DE  , A8RL3, SANTA RUFINA,6,2,5,6,0,44.8
DE  , D5AH6, SANTA TERESA,26,23,26,26,0,18.4
DE  , 5BPA3, SARAH SCHULTE,52,33,49,50,0,28.9
DE  , DNDD, SAVANNAH EXPRESS,65,57,65,65,0,14.2
DE  , DGOQ, SCHARHOERN,43,20,30,36,2,96.7
DE  , A8UE4, SEATTLE EXPRESS,23,18,21,23,0,24.6
DE  , DBFC, SEEADLER,457,14,14,14,0,332.2
DE  , DBFI, SEEFALKE,416,11,11,11,0,333.7
DE  , DHBN, SEOUL EXPRESS,48,36,46,46,0,24.9
DE  , A8OO9, SEVILLIA,3,2,3,3,0,30.3
DE  , A8PF5, SICILIA,5,3,4,4,1,314.4
DE  , DGZT2, SOFIA EXPRESS,75,39,65,75,0,37.4
DE  , DBFH, SOLEA,554,553,553,553,1,3.1
DE  , DGBE, STUTTGART EXPRESS,36,32,36,36,0,17.5
DE  , A8AW2, SUAPE EXPRESS,1,1,1,1,0,21
DE  , A8IL9, TABEA,24,14,20,23,0,36.5
DE  , V7LZ7, TAURUS,34,0,24,34,0,54.7
DE  , A8BS7, TIGER SHARK,1,0,1,1,0,43
DE  , A8KI4, TIGER SKY,1,0,0,0,0,323
DE  , DGTX, TOKYO EXPRESS,69,50,68,69,0,19.8
DE  , A8XZ8, TRAVE TRADER,2,1,1,1,0,78.5
DE  , A8OP7, TS KOREA,8,5,8,8,0,31.9
DE  , DDYL2, TSINGTAO EXPRESS,52,35,43,48,0,36.9
DE  , A8RV8, UASC AJMAN,21,7,10,15,0,94.7
DE  , A8KN6, UASC DAMMAM,21,20,21,21,0,12.3
DE  , A8UL5, UASC JEDDAH,41,22,37,40,1,40.6
DE  , A8UL3, UASC RAMADI,6,5,5,6,0,19.8
DE  , DCPL2, UASC SHARJAH,40,36,39,39,1,30.8
DE  , A8UL4, UASC SHUAIBA,40,32,38,40,0,22.7
DE  , V7MA7, URANUS,44,22,41,44,0,33.1
DE  , A8SE8, VALPARAISO EXPRESS,22,22,22,22,0,12.7
DE  , A8UE5, VANCOUVER EXPRESS,38,35,37,37,1,56.9
DE  , DGWF2, VIENNA EXPRESS,8,4,7,8,0,36.6
DE  , A8UJ3, VIONA,30,20,23,28,0,29.4
DE  , DBFR, WALTHER HERWIG 3,406,406,406,406,0,0
DE  , DBBC, WEGA,611,610,610,610,1,3.6
DE  , V7DI2, WEHR ALTONA,1,1,1,1,0,21
DE  , V7DT6, WEHR BILLE,12,8,12,12,0,21.6
DE  , V7CY4, WEHR BLANKENESE,18,11,15,17,0,31.4
DE  , V7DY3, WEHR HAVEL,48,7,15,30,4,141.1
DE  , V7DG6, WEHR WESER,48,7,10,48,0,61.3
DE  , DFCX2, WELLINGTON EXPRESS,90,88,90,90,0,14.1
DE  , DBEB, WESER,621,621,621,621,0,0.3
DE  , A8JY5, WESTERDIEK,9,0,7,8,0,80.4
DE  , DFRZ, WESTERHAMM,8,5,8,8,0,27.1
DE  , A8CH2, WESTERMOOR,12,12,12,12,0,15.2
DE  , ELWZ5, WESTWOOD CASCADE,50,22,40,45,3,63.7
DE  , A8AJ4, WESTWOOD DISCOVERY,9,7,8,9,0,13.4
DE  , DANR, WESTWOOD PACIFIC,21,21,21,21,0,11.7
DE  , A8KH9, WIDUKIND,37,32,35,37,0,16.3
DE  , A8CG3, WILHELM E,13,0,11,13,0,62.7
DE  , DPTS, WOTAN,3,2,3,3,0,11
DE  , A8PB2, X-PRESS MAKALU,5,5,5,5,0,5
DE  , DPCK, YANTIAN EXPRESS,4,4,4,4,0,11.8
DE  , A8VN4, YM KWANG YANG,16,16,16,16,0,16.3
DE  , A8FU7, ZIM BEIJING,26,19,22,23,3,160.3
DE  , DFZB2, ZIM ONTARIO,19,13,16,18,1,94.3
DE  , A8ER9, ZIM SAVANNAH,45,38,44,45,0,15
FR  , ROSS, LA LOUISE,294,294,294,294,0,5.1
FR  , MNDC9, SAFMARINE MERU  (AWS),10,9,10,10,0,19.2
FR  , FLAO, VAGABOND (AWS),718,284,555,702,1,45.2
GB  , ZCDV2, Adonia,53,40,44,45,2,55.4
GB  , PJKV, Agulhas Stream,46,45,45,46,0,13.2
GB  , V7PU9, Al Ghuwairiya,82,65,81,82,0,14.4
GB  , HZGN, Al Mareekh,25,20,21,24,1,48.8
GB  , HZGH, Al Moshtaree,35,31,33,35,0,14.8
GB  , HZDD, Al Zohal 1,22,19,22,22,0,16
GB  , VQKZ6, Amazonas,43,23,33,39,3,192.4
GB  , S6JU, APL Iris,35,29,33,33,2,93.2
GB  , 9VVD, APL Jade,22,12,21,21,0,35.3
GB  , ZCDN2, Arcadia,54,38,48,51,0,30.9
GB  , ZCDW9, Aurora,43,28,33,34,3,73.8
GB  , ZCEE2, Azura,59,29,34,36,12,205.5
GB  , C6QF6, Barbet Arrow,7,3,4,6,1,192.7
GB  , OXVA2, Beaumont,83,46,81,82,1,42.3
GB  , PENR, Benguela Stream,163,153,162,162,0,15.9
GB  , OZCZ2, Bentonville,16,10,14,16,0,23.2
GB  , 3EDI6, Berge Arctic,71,45,71,71,0,22.1
GB  , LAIP5, Berge Atlantic,18,15,17,17,0,22.6
GB  , MCLJ8, British Beech,14,2,12,14,0,54.9
GB  , MGRH9, British Chivalry,32,19,29,32,0,31.1
GB  , MPMM5, British Commerce,28,23,27,28,0,18.7
GB  , MLJA8, British Confidence,7,1,4,4,0,90.9
GB  , MGRX2, British Cormorant,50,38,50,50,0,21.6
GB  , MRSA8, British Councillor,2,1,2,2,0,32.5
GB  , MNYF6, British Courage,27,14,19,24,0,47.6
GB  , MHNL6, British Courtesy,30,26,28,28,1,40.8
GB  , MCCW7, British Curlew,63,52,62,63,0,4.3
GB  , MGSG6, British Cygnet,50,27,45,50,0,28.6
GB  , 2AKI4, British Diamond,63,62,62,62,1,26.2
GB  , MGSM5, British Eagle,32,25,28,29,0,39.2
GB  , MIBR, British Emerald,1,1,1,1,0,22
GB  , MVQP8, British Emissary,39,37,38,39,0,16.4
GB  , MMER9, British Ensign,61,27,55,61,0,31.5
GB  , MNAN4, British Envoy,60,53,55,56,1,36.5
GB  , VQIV8, British Esteem,8,4,4,5,1,147
GB  , VQGB2, British Explorer,39,30,38,38,1,22.5
GB  , MGRL8, British Falcon,11,11,11,11,0,11
GB  , MGRX9, British Gannet,18,16,17,18,0,17.3
GB  , MHMZ8, British Harmony,52,45,50,51,0,19
GB  , VQFV3, British Hawthorn,25,15,19,25,0,33.7
GB  , MCUV3, British Hazel,63,15,48,63,0,44
GB  , MCZN2, British Holly,59,36,45,52,5,132.8
GB  , VQHO7, British Innovator,70,70,70,70,0,10.7
GB  , MGGF9, British Integrity,5,5,5,5,0,10
GB  , MGRL4, British Kestrel,25,16,23,24,1,45.4
GB  , VQAJ8, British Laurel,37,7,20,29,1,86.5
GB  , MFLM9, British Liberty,25,14,24,24,1,44.6
GB  , MGPU2, British Mallard,57,51,55,57,0,17.4
GB  , VQIB9, British Merchant,69,62,66,68,0,7.4
GB  , VQOG5, British Merlin,39,39,39,39,0,4.5
GB  , VQKR7, British Oak,116,71,108,116,0,25.4
GB  , MCCN6, British Osprey,37,37,37,37,0,11.9
GB  , ZQTP2, British Pride,58,44,58,58,0,20.5
GB  , MZDL7, British Progress,1,0,1,1,0,52
GB  , ZQCP3, British Purpose,3,2,3,3,0,23.7
GB  , MGSH7, British Robin,10,3,9,10,0,40.8
GB  , 2AKI2, British Ruby,18,13,16,18,0,27.4
GB  , 2AKI3, British Sapphire,3,0,2,3,0,73
GB  , MEPP3, British Security,24,21,23,24,0,17
GB  , MHNO6, British Serenity,4,3,4,4,0,5.5
GB  , VQNW6, British Swift,20,14,17,19,1,41.2
GB  , MDTE9, British Tenacity,52,11,44,52,0,53.9
GB  , ZIPR7, British Trader,36,31,33,33,1,38.1
GB  , MHNN5, British Tranquillity,37,17,28,37,0,35.3
GB  , MFLQ4, British Unity,53,31,46,52,0,37.7
GB  , MDGV9, British Vine,18,15,17,17,1,95.3
GB  , VQIC2, British Willow,13,13,13,13,0,11.7
GB  , OXVD2, Brownsville,83,49,71,76,2,50.7
GB  , ZCBO2, Buccleuch,4,0,0,3,0,128.8
GB  , S6OM, Cable Retriever,14,2,13,14,0,42.7
GB  , ZCBW2, Cape Carmel,35,32,34,34,0,19
GB  , ZCDG8, Caribbean Princess,85,67,77,81,3,47.8
GB  , C6KD7, Chiquita Belgie,83,69,82,83,0,18.3
GB  , C6VR4, Chiquita Bremen,68,65,67,68,0,14.5
GB  , C6KD8, Chiquita Deutschland,29,25,29,29,0,17.6
GB  , C6KD5, Chiquita Italia,43,40,42,43,0,18.3
GB  , C6KD6, Chiquita Nederland,7,7,7,7,0,12.3
GB  , C6VR5, Chiquita Rostock,20,18,20,20,0,16.4
GB  , C6KD4, Chiquita Scandinavia,31,30,31,31,0,11.1
GB  , C6KD9, Chiquita Schweiz,58,48,58,58,0,17.8
GB  , ZCDF4, Coral Princess,50,46,46,48,2,57.4
GB  , C6XQ2, Corella Arrow,32,23,27,29,0,42.1
GB  , C6IO9, Cormorant Arrow,12,9,11,12,0,19.3
GB  , ZCDM6, Crown Princess,41,35,37,39,2,52.8
GB  , VRBH6, CSAV Licanten,2,0,0,0,2,1544.5
GB  , VRBH4, CSCL Dalian,17,16,17,17,0,2.6
GB  , ZCBU2, Dawn Princess,40,33,38,39,1,33.5
GB  , ZCDF8, Diamond Princess,25,16,22,22,1,40.9
GB  , ZCDP8, Emerald Princess,78,51,64,71,1,47.4
GB  , C6OR4, Emu Arrow,80,71,78,79,0,0
GB  , ZDLS1, Ernest Shackleton,3,3,3,3,0,0
GB  , 2AAY7, FS Aquarius,19,15,15,15,0,53.1
GB  , ZCDA9, Golden Princess,33,16,20,30,2,107.7
GB  , ZCBU5, Grand Princess,89,79,86,87,0,0
GB  , ZQAY4, Grasmere Maersk,90,81,88,89,1,30.8
GB  , C6OM7, Grebe Arrow,38,30,36,36,1,30.8
GB  , C6JE2, Harefield,14,13,14,14,0,21.2
GB  , C6CU6, Ibis Arrow,71,63,69,70,0,23.4
GB  , ZCDG4, Island Princess,4,3,4,4,0,14.5
GB  , C6RM7, Jaeger Arrow,42,38,38,39,1,13.5
GB  , ZDLP, James Clark Ross,99,81,87,90,2,29.4
GB  , OYYK2, Jens Maersk,17,12,15,16,0,26.5
GB  , MQPF2, Jervis Bay,5,3,4,5,0,35
GB  , C6QF4, Kestrel Arrow,1,1,1,1,0,21
GB  , PHBO, Klipper Stream,42,35,39,40,0,29.1
GB  , E5U2135, Lapponian Reefer,34,32,32,33,1,24.6
GB  , OVSB2, Lars Maersk,33,23,26,31,0,27.8
GB  , OVZV2, Laust Maersk,47,39,44,46,0,22.3
GB  , OYYL2, Lexa Maersk,30,22,26,30,0,24.8
GB  , ZCBD3, Lisbon Express,21,11,18,20,0,39.3
GB  , ZCDM8, LNG Adamawa,44,21,41,43,1,33
GB  , ZCDL9, LNG Akwa Ibom,20,6,13,17,0,68.2
GB  , MYJG2, Loch Rannoch,3,3,3,3,0,14.3
GB  , OZDA2, Maersk Brooklyn,22,4,20,22,0,37.8
GB  , OXVE2, Maersk Buffalo,14,0,7,13,0,73.1
GB  , MQYA3, Maersk Dalton,8,7,8,8,0,19.2
GB  , MQEC7, Maersk Darlington,1,1,1,1,0,11
GB  , MRGU3, Maersk Dartford,38,35,38,38,0,14
GB  , MSTM6, Maersk Dauphin,9,8,9,9,0,10.9
GB  , MSDM7, Maersk Delano,24,15,24,24,0,33.8
GB  , MTFH5, Maersk Delmont,30,28,30,30,0,16.4
GB  , VQBW2, Maersk Gateshead,40,27,39,39,0,27.3
GB  , MYJU, Maersk Kelso,27,9,21,27,0,54.3
GB  , MTDU5, Maersk Kendal,16,14,16,16,0,17.2
GB  , VRGJ6, Maersk Kiel,66,50,62,64,0,26.7
GB  , ZNQO3, Maersk Kithira,51,24,44,50,0,30.2
GB  , VRGM8, Maersk Kyrenia,45,38,42,44,1,25.4
GB  , 9V9763, Maersk Laguna,4,2,2,2,1,198
GB  , VRJH7, Maersk Lebu,2,1,1,1,1,702.5
GB  , A8PK9, Maersk Miami,9,4,8,9,0,35.2
GB  , OZDJ2, Maersk Newport,21,16,19,19,0,27.1
GB  , OZDK2, Maersk Norfolk,35,26,29,33,0,29.6
GB  , A8DH2, Maersk Nottingham,7,7,7,7,0,13.9
GB  , MYSU5, Maersk Patras,20,0,1,2,15,1206.4
GB  , MZFR9, Maersk Rapier,8,0,6,7,0,54.8
GB  , OWIX2, Maersk Rosyth,24,6,19,23,1,103.6
GB  , A8KW3, Maersk Saigon,7,6,6,7,0,29.4
GB  , A8JS7, Maersk Sana,25,6,22,25,0,48.8
GB  , A8JK7, Maersk Santana,27,21,23,25,2,172.4
GB  , DDJS2, Maersk Sarnia,49,37,46,46,0,33.4
GB  , A8LK3, Maersk Seoul,32,27,32,32,0,17.9
GB  , A8LW6, Maersk Singapore,28,10,23,28,0,43.5
GB  , A8KW2, Maersk Stralsund,11,0,0,1,4,802.4
GB  , DDJU2, Maersk Sydney,5,4,5,5,0,19.4
GB  , S6TV, Maersk Wave,15,12,13,14,1,52.7
GB  , V7TU9, Maestro Lion,40,40,40,40,0,11.8
GB  , C6OA3, Mandarin Arrow,1,0,1,1,0,41
GB  , LAMG7, Merlin Arrow,39,36,38,39,0,14.1
GB  , ZCDH7, Milan Express,5,2,4,5,0,36.4
GB  , C6NI8, Mozu Arrow,50,39,49,50,0,12
GB  , ZQDI9, Nedlloyd Drake,73,31,64,73,0,41.9
GB  , A8PK8, Nedlloyd Honshu,17,17,17,17,0,13.6
GB  , MZER8, Nedlloyd Hudson,88,25,72,86,0,52
GB  , A8DG9, Nedlloyd Marita,67,63,67,67,0,13.6
GB  , MZFC6, Nedlloyd Tasman,32,24,27,28,1,80.7
GB  , ZCDS4, Ocean Princess,32,19,22,24,4,141.5
GB  , ZCDN9, Oceana,31,20,29,30,0,21.7
GB  , OXKO2, Olivia Maersk,23,2,18,21,0,66.7
GB  , VRVQ9, OOCL Belgium,16,12,16,16,0,17.1
GB  , ZCDU9, Oriana,7,6,7,7,0,18.4
GB  , GDTT, Pacific Guardian,34,21,27,31,1,47.5
GB  , VQKZ5, Parana,17,10,16,17,0,28.6
GB  , C6JE4, Petersfield,26,12,23,24,1,54.1
GB  , C6NZ3, Pine Arrow,40,24,36,38,0,38.3
GB  , C6OT4, Plover Arrow,55,54,55,55,0,9
GB  , C6TQ3, Poplar Arrow,26,0,1,13,0,121.3
GB  , ZCEF2, Queen Elizabeth,40,29,35,37,2,44.4
GB  , ZCEF6, Queen Mary 2,47,24,37,40,4,142.6
GB  , ZCEF3, Queen Victoria,12,10,10,10,0,53.2
GB  , 9HA2950, Quest for Adventure,47,9,22,32,8,199.7
GB  , ZCBV4, Quorn,40,27,39,39,0,26.6
GB  , A8JR6, Rio Thelon,38,33,38,38,0,16.1
GB  , ZCDY2, Ruby Princess,47,35,42,42,2,42.7
GB  , 2BLY2, Safmarine Bayete,49,22,35,45,0,50.7
GB  , 2BLY5, Safmarine Benguela,28,17,24,27,0,30.6
GB  , MGDM, Safmarine Mafadi,37,12,25,26,11,450.4
GB  , 2AQK7, Safmarine Nakuru,44,21,40,42,1,64.5
GB  , 2ALE5, Safmarine Nile,50,30,44,49,0,32.6
GB  , MGJS8, Safmarine Nokwanda,29,8,23,28,0,39.6
GB  , MGGK4, Safmarine Nomazwe,10,8,9,9,1,60.6
GB  , 2AQK9, Safmarine Nuba,39,24,33,36,0,26.1
GB  , 2AJI3, Safmarine Nyassa,26,21,25,26,0,21
GB  , 9HA2415, Saga Ruby,6,3,5,6,0,27.3
GB  , 9HOF8, SAGA SAPPHIRE,16,11,14,15,0,23.2
GB  , ZCDG7, Sapphire Princess,66,31,42,54,6,123.2
GB  , ZCBU3, Sea Princess,28,19,27,27,0,23.9
GB  , ZCBV6, Snowdon,29,7,23,26,2,120.7
GB  , C6SD9, Spruce Arrow,53,16,36,47,0,56
GB  , MMHE5, St. Helena,86,36,71,79,1,46.8
GB  , ZCDD6, Star Princess,46,42,44,44,2,55.8
GB  , MZIU7, Stavros S Niarchos,32,15,32,32,0,25.8
GB  , ZCBZ5, Talca,13,2,9,10,2,585.5
GB  , MYMY6, Toisa Coral,14,8,12,14,0,16.2
GB  , VQHR9, Toisa Independent,6,4,6,6,0,28
GB  , C6NR5, Toucan Arrow,21,9,17,20,1,72.3
GB  , V7OE6, Umm al Amad,93,69,86,92,0,23.7
GB  , ZCBD4, Valencia Express,1,1,1,1,0,21
GB  , ZCDT2, Ventura,22,16,21,21,0,19.9
GB  , 2AUO5, VOS Pioneer,56,48,50,50,3,46.7
GB  , C6JE5, Westfield,21,8,20,21,0,31.7
GB  , C6JD7, Wren Arrow,74,34,52,63,3,71.3
HK  , VRDW2, Dapeng Moon,38,0,37,38,0,52.9
HK  , VQGQ4, Maersk Gairloch,40,0,34,38,0,64.8
HK  , VRBQ6, OOCL Asia,25,0,24,25,0,53.7
HK  , VRAR6, OOCL Atlanta,12,5,12,12,0,34.8
HK  , VRIB3, OOCL Beijing,9,0,8,8,1,131.3
HK  , VRFJ6, OOCL Brisbane,23,0,23,23,0,51.2
HK  , VRIB2, OOCL Canada,24,1,24,24,0,48.6
HK  , VRFX2, OOCL Charleston,37,0,31,37,0,63.6
HK  , VRFW9, OOCL Dalian,13,0,10,13,0,63.3
HK  , VRBX7, OOCL Europe,12,0,11,12,0,59.3
HK  , VRZK9, OOCL Hamburg,4,0,4,4,0,51.2
HK  , VRDE7, OOCL Houston,17,4,17,17,0,37.1
HK  , VRGO7, OOCL Jakarta,14,0,10,14,0,70.4
HK  , VRGE3, OOCL Le Havre,13,0,12,13,0,52.2
HK  , VRGO3, OOCL Luxembourg,21,1,14,21,0,54.1
HK  , VRZL3, OOCL Ningbo,17,0,14,17,0,61.6
HK  , VRZL2, OOCL Qingdao,16,0,15,16,0,55.1
HK  , VRZK8, OOCL Rotterdam,1,0,1,1,0,52
HK  , VRFU8, OOCL Seoul,13,0,12,13,0,56.7
HK  , VRYO2, OOCL Shenzhen,20,1,18,19,0,57.3
HK  , VRVL2, OOCL Singapore,1,1,1,1,0,11
HK  , VRCU7, OOCL Southampton,10,0,10,10,0,51.4
HK  , VRAR7, OOCL TianJin,8,0,7,8,0,58.8
HK  , VRCI9, OOCL Tokyo,10,3,10,10,0,37.8
HK  , VRDB3, OOCL Yokohama,17,12,16,16,1,48.5
HK  , VRCB4, OOCL Zhoushan,8,0,7,8,0,60.9
HK  , 3FWP3, Star Pisces,10,0,10,10,0,51.2
HK  , 3FCE9, Uni Pacific,5,0,2,4,1,159.6
IE  , EIPT, ILV Granuaile,3,2,2,2,1,210.7
IE  , C4HP2, ULYSSES,20,20,20,20,0,0
IL  , 4XFB, ZIM ASIA,8,0,4,6,1,160.4
IL  , 4XIS, ZIM BARZELONA,15,13,15,15,0,13.1
IL  , 4XIM, ZIM HAIFA,4,0,0,0,4,1366.2
IL  , A8IZ2, ZIM QINGDAO,24,13,18,21,2,68.6
IL  , 4XFV, ZIM VIRGINIA,27,23,24,24,3,110
IN  , AUBC, Desh  Prem,6,5,6,6,0,17.2
IN  , AUCT, Desh Shanti,17,12,16,17,0,27.6
IN  , ATSF, Gandhar,6,1,4,5,1,283
IN  , ATSS, Maharaja Agrasen,17,14,17,17,0,18.7
IN  , VVZU, Maharshi Parshuram,6,6,6,6,0,16.7
IN  , VTXF, Nanga Parbat,10,1,5,9,0,72.1
IS  , TFNA, ARNI FRIDRIKSSON,46,30,35,41,1,68.6
IS  , TFEA, BJARNI SAEMUNDSSON,80,69,75,78,1,31
IS  , OZ2049, HELGAFELL,22,10,13,19,1,66.9
JP  , JBZR, FUKUSHIMA MARU,121,73,120,121,0,35.3
JP  , JPBN, KEIFU MARU,467,461,462,462,5,37
JP  , JFRO, KOJIMA,55,22,51,55,0,33.7
JP  , H9UY, NIKKEI PHOENIX,19,13,19,19,0,32.2
JP  , JDVA, OSHORO MARU,63,54,62,63,0,29.7
JP  , 7JDK, RHEA LEADER,4,0,0,4,0,91
JP  , JGQH, RYOFU MARU,483,478,480,482,0,28.7
JP  , JPQG, SHIN SAPPORO MARU,2,0,1,2,0,54
JP  , 3EDA4, TRANS FUTURE 5,73,63,70,73,0,25.2
KR  , D9TD, HANSIN DAMPIER,4,0,0,0,4,411
KR  , D9RV, HYUNDAI CONTINENTAL,1,0,0,0,0,291
KR  , 3FIG7, KEOYANG ORIENT,1,0,0,0,1,471
KR  , DSEM8, MSC HIGHNESS,2,0,0,0,1,381
KR  , 3FHD9, SK SUMMIT,6,0,0,0,6,441
KR  , DSPZ2, YK SOVEREIGH,3,0,0,0,0,351
MY  , 9MBR8, SS PUTERI DELIMA,10,0,7,10,0,72.4
MY  , 9MGF7, SS PUTERI FIRUS SATU,25,0,25,25,0,53.3
MY  , 9MBQ6, SS PUTERI INTAN,3,0,0,2,0,156
MY  , 9MGJ9, SS PUTERI MUTIARA SATU,14,0,12,14,0,62.5
MY  , 9MBW7, SS PUTERI NILAM,4,0,1,4,0,98
    , TBWAA05, ,3,1,3,3,0,39.3
    , TBWAA10, ,84,75,84,84,0,15.7
NL  , PCDE, ADMIRALENGRACHT,32,20,28,32,0,36.6
NL  , PCKU, ALEXANDERGRACHT,35,31,33,35,0,14.8
NL  , PHIN, AMAZONEBORG,3,3,3,3,0,17
NL  , PCPR, AMSTELGRACHT,10,9,10,10,0,17.4
NL  , PCGQ, ANJELIERSGRACHT,52,49,52,52,0,16.9
NL  , PCSV, APOLLOGRACHT,26,24,25,25,1,72.9
NL  , PHHD, ARNEBORG,10,5,10,10,0,27.3
NL  , PFPT, AVATAQ,5,4,5,5,0,23.8
NL  , 2EZE5, BERGE STAHL,23,21,21,23,0,18.3
NL  , A8JH8, BUZZARD BAY,85,84,84,85,0,12.7
NL  , PJRH, COLD STREAM,36,35,36,36,0,12.8
NL  , A8IP4, COMOROS STREAM,5,2,4,5,0,37.2
NL  , PDKK, COOL EXPRESS,6,6,6,6,0,15
NL  , PHKM, CORAL FAVIA,4,3,3,3,0,73.8
NL  , ELXG9, CORAL PAVONA,53,49,53,53,0,13.6
NL  , PBOF, DAMGRACHT,15,13,15,15,0,13.8
NL  , PDNN, DANIELLA,22,20,20,20,0,21.4
NL  , PBSY, DONAUGRACHT,10,9,9,9,1,76.4
NL  , DDIG2, EAGLE BAY,36,30,36,36,0,18.1
NL  , PDWZ, EDAMGRACHT,73,70,72,73,0,14.2
NL  , OXOR2, EDITH MAERSK,44,37,40,40,1,44.8
NL  , PDXQ, EEMSGRACHT,10,10,10,10,0,14.6
NL  , PDWT, EGELANTIERSGRACHT,6,6,6,6,0,10.7
NL  , PDYI, ELANDSGRACHT,43,43,43,43,0,16.3
NL  , OXHY2, ELLY MAERSK,68,37,62,67,0,30.3
NL  , A8IO2, ELSEBETH,154,134,152,154,0,18.2
NL  , A8IP2, ELVIRA,23,21,23,23,0,17.6
NL  , A8IP3, EMERALD,39,34,39,39,0,17.7
NL  , OYGR2, EMMA MAERSK,23,20,23,23,0,16.1
NL  , PDYX, EMMAGRACHT,9,9,9,9,0,10.7
NL  , A8IN8, ESMERALDA,123,97,122,123,0,20.2
NL  , PDZS, EUROPA,65,42,61,65,0,24.9
NL  , A8QJ7, EVA N,58,26,49,58,0,33.1
NL  , OXHV2, EVELYN MAERSK,51,29,43,49,1,59.1
NL  , A8JI2, FALCON BAY,1,1,1,1,0,16
NL  , PEBT, FLINTERDUIN,29,15,16,18,0,96.9
NL  , PBHZ, FLINTERSKY,31,25,31,31,0,16.4
NL  , PBEN, FLINTERSUN,22,22,22,22,0,11.3
NL  , PEND, HAPPY BUCCANEER,26,19,19,21,0,52
NL  , PCER, HAPPY RANGER,29,27,29,29,0,14
NL  , PCAW, HAPPY RIVER,8,8,8,8,0,10.4
NL  , PCBZ, HAPPY ROVER,49,32,32,47,0,40.9
NL  , PHJV, IVER EXACT,22,20,20,22,0,17.5
NL  , PCBU, IVER EXCEL,22,18,22,22,0,18.4
NL  , PECF, IVER EXPERIENCE,22,22,22,22,0,11.9
NL  , PFBF, IVER EXPORTER,81,77,81,81,0,14.2
NL  , OWFD2, JOHANNES MAERSK,48,44,47,48,0,17.8
NL  , PFFH, JUMBO SPIRIT,26,21,24,25,0,25.1
NL  , OWKI2, LAURA MAERSK,29,25,28,28,0,22.9
NL  , OWAY2, LICA MAERSK,14,12,14,14,0,17.3
NL  , PHPP, MAERSK INNOSHIMA,85,75,78,80,1,30.7
NL  , PBDH, MAERSK INVERNESS,67,63,66,66,0,17.4
NL  , PHOB, MAERSK IZMIR,56,52,55,55,0,17.2
NL  , PDHP, MAERSK KALMAR,34,32,33,33,0,21.6
NL  , PFDH, MAERSK KAMPALA,16,14,15,16,0,23.6
NL  , PDHO, MAERSK KIMI,18,15,16,18,0,19.9
NL  , PDHW, MAERSK PALERMO,80,77,77,79,0,15.4
NL  , PDHY, MAERSK PEMBROKE,34,31,34,34,0,17.3
NL  , OZDM2, MAERSK SALALAH,8,4,7,8,0,33.1
NL  , VRGW2, MAERSK SALINA,51,28,47,51,0,29.5
NL  , OZDQ2, MAERSK SAVANNAH,12,7,11,11,0,39.6
NL  , VRGW3, MAERSK STOCKHOLM,93,31,69,92,0,40.8
NL  , PHKL, NEDLLOYD BARENTSZ,300,266,285,295,0,19.2
NL  , PCIM, NEDLLOYD MERCATOR,42,39,41,41,0,22.2
NL  , PJHA, NOVA ZEELANDIA,8,4,7,7,0,60.8
NL  , PIAG, ORANJEBORG,31,28,31,31,0,13.5
NL  , PGQI, PACIFIC,100,99,100,100,0,9.4
NL  , PGRQ, PELAGIA,77,75,77,77,0,12.2
NL  , PBQK, PLANCIUS,22,21,21,21,1,37.5
NL  , D5BR6, POLAR STREAM,26,15,21,26,0,29.8
NL  , A8JI5, PRINCE OF SEAS,85,81,82,84,1,22.2
NL  , PDUJ, QAMUTIK,8,7,7,8,0,24.6
NL  , PDGS, ROTTERDAM,132,106,118,122,5,78.3
NL  , PCIH, ROYAL KLIPPER,60,57,58,58,1,41.2
NL  , PHCQ, SAIMAAGRACHT,21,20,20,20,0,29.9
NL  , PHDL, SAMPOGRACHT,14,11,11,11,0,43.6
NL  , A8IP5, SANTA LUCIA,12,11,12,12,0,14.4
NL  , A8IN7, SANTA MARIA,72,34,37,39,24,420.3
NL  , PCGM, SINGELGRACHT,25,24,25,25,0,11.4
NL  , PDBP, SLOTERGRACHT,5,5,5,5,0,14.6
NL  , PFBE, SLUISGRACHT,37,32,32,32,1,48.3
NL  , PCEO, SPIEGELGRACHT,27,26,27,27,0,15.9
NL  , PBBB, SPUIGRACHT,17,17,17,17,0,15
NL  , PECA, STAD AMSTERDAM,6,4,5,5,1,126
NL  , PHAQ, STATENGRACHT,71,64,70,71,0,17.9
NL  , PHQW, STELLA NOVA,15,15,15,15,0,11.9
NL  , PCAM, TASMAN SPIRIT,11,3,10,11,0,48.6
NL  , PCCL, TASMAN STAR,27,26,26,27,0,13.6
NL  , PHAC, TRACER,24,22,24,24,0,22.5
NL  , PHAA, TRAMPER,8,7,8,8,0,16.9
NL  , PHAL, TRANSPORTER,5,5,5,5,0,11.6
NL  , PHAM, TRAVELLER,54,48,49,53,0,17.6
NL  , 9LD2206, TRES HOMBRES,16,13,15,16,0,20.2
NL  , PFQE, UMIA VUT,1,1,1,1,0,28
NO  , LGWS, DR.FRIDTJOF NANSEN,411,409,411,411,0,11.4
NO  , LF3F, DRAUGEN,240,240,240,240,0,21.2
NO  , LAHV, FF HELMER HANSEN,456,452,454,455,0,12.1
NO  , LMEL, G.O. SARS,665,663,665,665,0,11.4
NO  , LJIT, HAAKON MOSBY,402,401,402,402,0,11.4
NO  , LF3N, HEIDRUN,242,241,242,242,0,21.1
NO  , LF4H, HEIMDAL,719,718,719,719,0,10
NO  , LDGJ, JOHAN HJORT,377,376,377,377,0,11.4
NO  , LF5T, NORNE,177,177,177,177,0,20.8
NO  , LF4C, SLEIPNER,239,239,239,239,0,21.2
NO  , LF4B, TROLL,705,705,705,705,0,14.7
NZ  , V7KA6, ANKING,21,11,16,20,1,84.1
NZ  , 3FZR7, ASTRID,3,0,1,3,0,74.3
NZ  , V2QD4, BC SAN FRANCISCO,12,4,11,12,0,33.4
NZ  , YJYY2, BORAL GAS,21,21,21,21,0,15.5
NZ  , ZMGB, GOLDEN BAY,5,4,5,5,0,30
NZ  , ZMKA, KAKARIKI,22,4,14,22,0,52.9
NZ  , VRDX2, KOTA PERMATA,10,3,5,9,0,65.8
NZ  , VRWW8, KWANGSI,10,10,10,10,0,15.3
NZ  , VRAE3, KWANGTUNG,29,28,28,28,0,23.2
NZ  , VRAE2, KWEICHOW,49,48,49,49,0,16.9
NZ  , VRAE4, KWEILIN,13,13,13,13,0,16.5
NZ  , 3ECI3, MAEA,32,28,31,31,0,23.5
NZ  , V7EM3, NINGHAI,26,15,22,25,0,37.9
NZ  , C6TE3, ORION,35,2,27,33,0,49.6
NZ  , YJZC5, PACIFIC GAS,9,8,8,9,0,23.8
NZ  , ZM2619, RANGATIRA,22,22,22,22,0,15.4
NZ  , V2CN5, SOFRANA SURVILLE,33,14,29,33,0,36.7
NZ  , A8QY2, SOFRANA TOURVILLE,39,19,33,38,0,39.8
NZ  , 9VVN8, SOUTHERN PEARL,37,29,31,36,0,31.9
NZ  , ZMENA, SPIRIT OF ENDURANCE AWS,297,56,295,296,1,34.9
NZ  , ZMSM, STRAITSMAN,2,2,2,2,0,10
NZ  , ZMFR, TANGAROA,412,57,382,412,0,37.6
NZ  , ZMIQ, TOREA,27,27,27,27,0,16.6
NZ  , 3EAT6, VICTOIRE,27,6,20,25,0,52.8
RU  , UGYU, 50 LET POBEDY,6,6,6,6,0,9
RU  , UFJC, A.TORCHINOV,29,29,29,29,0,20.4
RU  , UDUR, ADMIRAL STARIKOV,73,73,73,73,0,17.1
RU  , UCAC, ADMIRAL USHAKOV,60,39,49,55,3,86.6
RU  , UBSF2, ALDAN,11,11,11,11,0,20.5
RU  , UAST, ATRIA,30,2,26,30,0,47
RU  , UANA, FRITOF NANSEN,9,9,9,9,0,10.3
RU  , UCFT, GEMMA,22,21,22,22,0,12.3
RU  , UBMC, GORNOZAVODSK,13,13,13,13,0,20.3
RU  , UFCK, GRUMANT,18,14,17,18,0,22.8
RU  , UCUQ, IVAN TORNEV,105,30,43,49,8,187.3
RU  , UGOS, KAPITAN ARTYUKH,52,0,27,28,23,208.4
RU  , UFEQ, KAPITAN CHUKHCHIN,7,7,7,7,0,12
RU  , UIAO, KAPITAN DANILKIN,1,1,1,1,0,11
RU  , UFML, KAPITAN GNEZDILOV,27,0,5,20,1,114.3
RU  , UFLT, KAPITAN KREMS,18,0,18,18,0,35.7
RU  , UFMK, KAPITAN SERGIEVSKY,26,0,12,23,0,69.2
RU  , UBLH, KAPITAN TSIRUL,15,0,14,15,0,39
RU  , UEYO, KHUDOZHNIK N. RERIKH,42,0,42,42,0,36.6
RU  , UDWE, KRASNOGVARDEETS,51,0,50,51,0,36.3
RU  , UCJB, KUZMA MININ,3,3,3,3,0,16.3
RU  , UFLC, LUTOGA,35,35,35,35,0,20.4
RU  , UCAB, MIKHAIL KUTUZOV,7,6,6,6,1,215.1
RU  , UCCR, MIKHAIL LUKONIN,4,4,4,4,0,20.5
RU  , UCKA, MIKHAIL STREKALOVSKY,6,3,4,4,2,273.2
RU  , UGGA, NEREI,36,35,36,36,0,11.5
RU  , UIAH, NIKOLAI REPNIKOV,26,17,23,25,0,28.5
RU  , UIAC, NOVATOR,69,48,51,56,0,44.5
RU  , UFNZ, NOVAYA ZEMLYA,1,1,1,1,0,26
RU  , UICO, ODOEVSK,57,55,56,56,0,13.4
RU  , UHFW, PAROMAY,9,9,9,9,0,20.3
RU  , UCTS, PAVEL KUTAKHOV,42,40,41,41,1,44.5
RU  , UGNQ, PERSEI-4,2,2,2,2,0,12
RU  , UITJ, PETR VELIKY,40,40,40,40,0,11.9
RU  , UIDO, PIONER KHOLMSKA,19,5,18,19,0,38.6
RU  , UDOD, PIONER KORSAKOVA,65,59,64,65,0,22.9
RU  , UGTV, PIONER ROSSII,4,1,4,4,0,30.8
RU  , UCDM, PIONER SAKHALINA,9,9,9,9,0,21
RU  , UCDN, PIONER YUZHNO-SAKHALINSKA,11,10,11,11,0,24.9
RU  , UBLE7, POMORYE,15,15,15,15,0,11.1
RU  , UAKA, PROFESSOR MOLCHANOV,50,0,32,37,3,138.1
RU  , UCDL, SAKHALIN-10,11,10,10,11,0,27.7
RU  , UERK, SAKHALIN-8,11,10,10,10,1,66
RU  , UCEE, SAKHALIN-9,3,1,1,2,0,78
RU  , UBVF4, SEVERNAYA ZEMLYA,15,12,14,14,1,117.2
RU  , UAEV, TEZEJ,30,27,27,27,3,67
RU  , UCSJ, TOR,38,18,30,38,0,37.4
RU  , UBNY, VAIGACH,56,56,56,56,0,10.7
RU  , UGSI, VASILY BURKHANOV,38,0,34,37,0,44.1
RU  , UHOM, VEGA,36,36,36,36,0,11.2
RU  , UAVH, VIKTOR MIRONOV,3,0,0,0,3,891
RU  , UCJX, VIKTOR TKACHEV,10,10,10,10,0,10.9
RU  , UCJT, YAMAL,26,26,26,26,0,12
RU  , UDYG, ZAKHAR SOROKIN,30,27,27,29,1,32.1
RU  , UHMI, ZEYA,16,14,16,16,0,22.7
SE  , SBLI, AIDA,64,61,62,62,2,63.9
SE  , SKPE, ATL COMPANION,16,7,8,10,5,456.6
SE  , SKUN, ATL COMPASS,41,40,41,41,0,12.9
SE  , SKOZ, ATL CONCERT,32,28,31,31,1,66
SE  , SCKM, ATL CONVEYOR,11,10,10,10,1,149.7
SE  , SMGW, CARMEN,82,76,81,82,0,21.1
SE  , 9V8796, DON JUAN,30,13,29,30,0,32.6
SE  , SLCO, FALSTAFF,39,34,36,37,2,50.4
SE  , SLKQ, FAUST,23,23,23,23,0,17.7
SE  , SLKU, FEDORA,36,32,32,33,2,91.9
SE  , SLKR, FIDELIO,19,18,19,19,0,20.7
SE  , SJCD, MIGNON,47,42,44,45,2,45.1
SE  , SMLQ, ODEN,478,30,297,475,3,61
SE  , SBLW, OTELLO,57,52,52,52,4,65.8
SE  , SKEC, Transpaper,534,0,33,434,2,103.9
SE  , SKWI, TRISTAN,21,20,21,21,0,20.1
SE  , SBHI, TRITON,48,45,47,47,0,23.4
US  , OVYQ2, A. P. MOLLER,48,18,25,35,2,129
US  , WDF2728, ACHIEVEMENT,10,3,10,10,0,31.1
US  , C6SA3, ADVENTURE OF THE SEAS,144,119,142,143,0,20.8
US  , WBN3015, ADVENTURER,4,4,4,4,0,21
US  , C6VM6, AL KHUWAIR,22,1,6,8,6,270.7
US  , C6VF5, AL MARROUNA,45,17,32,33,11,361.2
US  , WSM5364, ALASKA MARINER,20,15,19,20,0,14.2
US  , WDB9918, ALASKAN EXPLORER,37,15,19,20,10,450.8
US  , WDB7815, ALASKAN FRONTIER,16,2,10,12,0,94.1
US  , WDD2074, ALASKAN LEGEND,61,12,36,58,0,54.3
US  , WDC6644, ALASKAN NAVIGATOR,51,25,41,45,5,158
US  , C6LU3, ALBEMARLE ISLAND,15,13,15,15,0,14.9
US  , OUOW2, ALBERT MAERSK,30,20,28,29,1,36
US  , WCZ7335, ALERT,14,10,13,14,0,22.4
US  , VCPX, ALGOLAKE,16,10,14,14,1,121.5
US  , CFK9698, ALGOMA GUARDIAN,35,25,34,35,0,12.9
US  , VGMV, ALGOMA NAVIGATOR,12,3,4,4,8,395.1
US  , VDRV, ALGOMA PROGRESS,36,23,28,33,1,40.9
US  , CYGR, ALGOMA QUEBECOIS,12,1,1,1,2,320.1
US  , CFN4309, ALGOMA SPIRIT,17,4,8,8,1,230.1
US  , VYNG, ALGORAIL,49,26,49,49,0,23.9
US  , VGJD, ALGOSOO,16,7,12,12,4,200.9
US  , VDFP, ALGOWAY,6,2,6,6,0,26
US  , WKDY, ALLIANCE BEAUMONT,58,24,48,53,0,50.5
US  , WRAH, ALLIANCE CHARLESTON,60,11,34,56,1,64.5
US  , WGAH, ALLIANCE NORFOLK,18,7,13,16,2,145.2
US  , WGAE, ALLIANCE ST LOUIS,14,6,7,8,6,628.4
US  , C6XS8, ALLURE OF THE SEAS,28,24,26,28,0,14.9
US  , WAV4647, ALPENA,5,0,1,2,2,455
US  , WDD2876, AMERICAN CENTURY,242,232,238,238,3,24.5
US  , WDD2879, AMERICAN COURAGE,2,1,1,2,0,46.5
US  , WDD2875, AMERICAN INTEGRITY,19,15,18,18,1,35.2
US  , WQZ7791, AMERICAN MARINER,23,23,23,23,0,7
US  , WCX2417, AMERICAN SPIRIT,27,13,18,25,2,111.3
US  , PBAD, AMSTERDAM,241,220,236,240,1,18.8
US  , VRBK6, ANTWERPEN,211,11,29,70,49,234.1
US  , WDE8265, APL AGATE,19,7,7,10,5,421.1
US  , 9VKQ3, APL BELGIUM,1,0,0,0,1,741
US  , WDB3161, APL CHINA,58,10,14,14,44,1090.3
US  , WDF6832, APL CORAL,5,1,1,3,0,122.8
US  , 9VDD2, APL ENGLAND,12,10,10,12,0,16.8
US  , WDE8288, APL JAPAN,25,9,15,16,8,336
US  , WCX8883, APL KOREA,189,127,146,146,42,335.4
US  , WDE8264, APL PEARL,55,19,38,51,1,77.9
US  , WCX8884, APL PHILIPPINES,33,17,20,20,13,576.9
US  , 9VDD3, APL SCOTLAND,28,3,22,28,0,57.4
US  , WCX8812, APL SINGAPORE,31,20,24,24,7,338.4
US  , VRFH2, APL TEXAS,10,0,10,10,0,53.4
US  , WCX8882, APL THAILAND,38,15,26,26,12,469.1
US  , 9VVP, APL TOURMOLINE,36,30,31,36,0,20.5
US  , VRFD6, APL WASHINGTON,73,42,65,68,5,78.9
US  , WBP3396, ARCTIC BEAR,8,0,1,8,0,82.1
US  , C6YA7, ARCTURUS VOYAGER,41,20,32,36,5,182.4
US  , OXES2, ARNOLD MAERSK,68,31,44,50,1,74.2
US  , WE4805, ARTHUR M. ANDERSON,24,10,10,12,0,124.4
US  , VRDC6, ATLANTIC BREEZE,9,0,0,0,2,424.4
US  , SCKB, ATLANTIC CARTIER,15,10,14,14,0,36.8
US  , WDC9417, ATLANTIC EXPLORER (AWS),286,222,229,233,49,502.5
US  , VRDT7, ATLANTIC GRACE,411,3,8,17,330,933
US  , KAQP, ATLANTIS,677,672,677,677,0,11.3
US  , WCZ7337, ATTENTIVE,14,6,9,14,0,31.7
US  , WYM9567, AURORA,561,489,558,559,0,6.4
US  , WCZ7336, AWARE,1,0,1,1,0,60
US  , C6FY5, AXEL SPIRIT,39,8,26,32,1,81
US  , 9HOB8, AZAMARA JOURNEY,17,8,17,17,0,25.5
US  , 9HOM8, AZAMARA QUEST,35,16,33,35,0,31.6
US  , WBD4889, BADGER,83,51,64,67,1,63.3
US  , V7QN4, BALTIC BEAR,23,7,19,23,0,36.6
US  , A8VG9, BALTIC COVE,12,2,5,11,1,171.8
US  , WTC9407, BARBARA ANDRIE,20,14,16,16,1,69.4
US  , C6QK, BARRINGTON ISLAND,29,29,29,29,0,9.9
US  , WTED, BELL M. SHIMADA,296,293,294,295,1,13.2
US  , VRBU6, BERGE NANTONG,21,0,2,17,0,83.2
US  , C6KJ5, BERNARDO QUINTANA A.,15,11,14,15,0,24.3
US  , WDC7379, BLUEFIN,30,15,20,27,0,49.8
US  , WBN4113, BULWARK,33,14,16,33,0,42.3
US  , WDC6027, BURNS HARBOR,36,32,35,35,1,25.9
US  , WDE5381, CALIFORNIA VOYAGER,5,2,4,4,1,307.2
US  , WDE3568, CALUMET,20,8,19,20,0,33.8
US  , VCTV, CAPT. HENRY JACKMAN,13,9,11,11,1,137
US  , 3FPQ9, CARNIVAL CONQUEST,26,13,26,26,0,28.6
US  , C6FN4, CARNIVAL DESTINY,16,9,15,15,0,29.1
US  , 3ETA7, CARNIVAL DREAM,66,46,64,66,0,12.8
US  , H3GR, CARNIVAL ECSTASY,5,3,5,5,0,17
US  , 3FOC5, CARNIVAL ELATION,29,22,28,29,0,16
US  , H3GS, CARNIVAL FANTASY,28,25,27,28,0,13.1
US  , C6FM9, CARNIVAL FASCINATION,39,30,39,39,0,24.2
US  , 3EBL5, CARNIVAL FREEDOM,1,0,1,1,0,41
US  , 3FPS9, CARNIVAL GLORY,19,11,19,19,0,23.6
US  , C6FN2, CARNIVAL IMAGINATION,43,37,43,43,0,19.3
US  , C6FM5, CARNIVAL INSPIRATION,15,10,15,15,0,24.1
US  , H3VT, CARNIVAL LEGEND,14,12,14,14,0,13.1
US  , HPYE, CARNIVAL LIBERTY,95,71,94,95,0,22.3
US  , 3ETA8, CARNIVAL MAGIC,73,38,70,72,0,27.8
US  , H3VS, CARNIVAL MIRACLE,40,21,39,40,0,25.6
US  , 3FOB5, CARNIVAL PARADISE,19,16,18,19,0,15.1
US  , H3VU, CARNIVAL PRIDE,58,45,58,58,0,21.9
US  , C6FM8, CARNIVAL SENSATION,37,32,37,37,0,15.7
US  , 3FPR9, CARNIVAL SPIRIT,24,15,24,24,0,10.9
US  , 3EUS, CARNIVAL SPLENDOR,46,34,46,46,0,17.3
US  , C6FN5, CARNIVAL TRIUMPH,87,65,87,87,0,20.4
US  , H3VR, CARNIVAL VALOR,15,5,10,10,5,321.6
US  , 3FFL8, CARNIVAL VICTORY,4,3,4,4,0,21.2
US  , OZWA2, CAROLINE MAERSK,1,0,0,0,1,1271
US  , WE4879, CASON J. CALLAWAY,27,22,23,24,1,61.3
US  , 9HJI9, CELEBRITY CENTURY,114,85,106,109,1,31.1
US  , 9HJB9, CELEBRITY CONSTELLATION,338,143,237,293,20,87.3
US  , 9HXC9, CELEBRITY ECLIPSE,346,228,313,330,2,33.9
US  , 9HXD9, CELEBRITY EQUINOX,141,94,129,140,0,26.9
US  , 9HJD9, CELEBRITY INFINITY,131,83,128,131,0,21.2
US  , 9HJF9, CELEBRITY MILLENNIUM,88,59,83,86,0,28.8
US  , 9HA2583, CELEBRITY SILHOUETTE,149,100,136,148,0,25.4
US  , 9HRJ9, CELEBRITY SOLSTICE,162,94,128,145,10,66.4
US  , 9HJC9, CELEBRITY SUMMIT,63,50,62,63,0,19
US  , C6JT, CHARLES ISLAND,23,23,23,23,0,9.1
US  , WDD6126, CHARLESTON EXPRESS,140,80,112,117,23,257
US  , WTF3319, CORWITH CRAMER,10,7,8,8,1,150
US  , ICGU, COSTA LUMINOSA,27,19,25,25,2,65
US  , IBCF, COSTA MEDITERRANEA,57,17,49,57,0,39.1
US  , WDC6907, COURAGE,3,0,0,0,3,1397
US  , VRXB2, DARYA SHANTHI,54,12,36,48,1,68
US  , V7HD2, DEEPWATER MILLENNIUM,7,1,3,7,0,51.3
US  , WBN3016, DEFENDER,20,16,19,20,0,22.3
US  , KNBD, DELAWARE II,4,2,3,4,0,38.5
US  , NWS0012, DELAWARE II (AWS),110,14,110,110,0,31.5
US  , WDE2632, DELIVERANCE,3,2,3,3,0,17.7
US  , WUR7250, DIANE H,26,10,17,22,3,85.6
US  , V7MO2, DISCOVERER CLEAR LEADER,59,44,56,57,2,58.2
US  , V7HC6, DISCOVERER DEEP SEAS,133,94,133,133,0,21.1
US  , V7HD3, DISCOVERER ENTERPRISE,12,9,11,12,0,10.9
US  , V7MO3, DISCOVERER INSPIRATION,11,7,11,11,0,22.7
US  , V7HC8, DISCOVERER SPIRIT,67,49,67,67,0,19
US  , C6YR6, DISNEY DREAM,1,0,0,1,0,61
US  , C6ZL6, DISNEY FANTASY,11,5,10,10,0,33
US  , C6PT7, DISNEY MAGIC,3,2,3,3,0,4
US  , C6QM8, DISNEY WONDER,64,50,60,62,1,39.8
US  , C6JS, DUNCAN ISLAND,46,43,45,46,0,15.3
US  , S6NK2, EAGLE TACOMA,1,0,0,0,1,790
US  , S6NK4, EAGLE TRENTON,49,1,4,7,18,333.1
US  , WQZ9670, EDGAR B. SPEER,70,50,61,68,0,21.8
US  , WXQ4511, EDWIN H. GOTT,85,72,82,84,1,23.7
US  , KCGH, EL MORRO,8,5,5,5,3,546.6
US  , WGJT, EL YUNQUE,51,32,33,33,18,267
US  , KKFW, EMPIRE STATE,119,57,84,97,1,69.3
US  , C6FZ7, ENCHANTMENT OF THE SEAS,12,5,12,12,0,24.3
US  , WCE5063, ENDEAVOR (AWS),718,696,701,704,6,8.8
US  , WDF7523, ENDURANCE,43,23,29,43,0,32
US  , WDE9193, EOT SPAR,24,18,18,18,6,359.2
US  , A8PQ6, ERNEST N,37,8,28,36,0,43.7
US  , PHOS, EURODAM,36,24,30,34,0,35.3
US  , A8MH9, EURUS LIMA,3,0,2,2,0,71
US  , A8MI2, EURUS LISBON,14,3,14,14,0,32.8
US  , A8MH7, EURUS LONDON,22,10,19,22,0,34
US  , 9V7951, EVER DAINTY,15,13,13,15,0,13.5
US  , 9V7952, EVER DECENT,3,2,3,3,0,30.7
US  , 9V7954, EVER DEVOTE,4,1,1,1,0,236
US  , 9V7955, EVER DIADEM,27,17,20,23,4,152
US  , 3FQS8, EVER DIAMOND,265,170,244,263,0,26.2
US  , 9V7956, EVER DIVINE,28,21,27,28,0,18.7
US  , VQFS4, EVER ETHIC,12,5,6,9,3,391.1
US  , VSXV3, EVER EXCEL,26,8,16,16,10,569.8
US  , 3FQO4, EVER REACH,5,4,5,5,0,27.2
US  , 3FYB3, EVER REWARD,572,550,567,572,0,9.4
US  , MJKZ4, EVER SHINE,3,1,1,2,1,504.7
US  , 3EKU3, EVER SUMMIT,24,12,21,22,1,67.2
US  , C6FY8, EVEREST SPIRIT,49,20,42,46,2,88.3
US  , WDE4430, EVERGREEN STATE,1,0,0,0,0,141
US  , ONCE, EXCALIBUR,57,19,19,19,38,942.7
US  , ONAI, EXCEL,78,20,20,20,57,1055.3
US  , ONDY, EXCELERATE,62,33,39,43,19,459.8
US  , ONFY, EXPEDIENT,39,8,10,11,8,405.6
US  , WBN7618, EXPLORER,18,17,18,18,0,17.1
US  , ONFE, EXPLORER,54,31,45,50,4,133.6
US  , C6SE4, EXPLORER OF THE SEAS,13,8,13,13,0,24.4
US  , WDB5604, FAIRWEATHER,17,6,12,15,2,105.1
US  , WTEB, FAIRWEATHER (AWS),188,168,186,186,1,24.6
US  , 8POF, FEDERAL SCHELDE,9,3,3,7,0,67.2
US  , VRXL7, FEDERAL VENTURE,9,0,1,5,1,186.9
US  , WDF4764, FLORIDA VOYAGER,8,2,5,5,3,560.4
US  , WDB5483, FREEDOM,48,11,27,38,6,140.4
US  , C6UZ7, FREEDOM OF THE SEAS,18,12,18,18,0,20.2
US  , A8LC2, FREJA DANIA,18,4,11,17,0,53.7
US  , WCV7620, G. L. OSTRANDER,104,37,42,50,45,550.1
US  , S6AJ8, GARDEN CITY RIVER,16,9,12,14,0,42.4
US  , WBN6511, GAUNTLET,1,1,1,1,0,11
US  , V7SY6, GENCO CLAUDIUS,46,0,27,45,0,79.5
US  , VRDR8, GENCO CONSTANTINE,48,0,5,14,14,273.6
US  , V7QN8, GENCO HADRIAN,12,0,0,0,2,306.1
US  , V7LZ4, GENCO THUNDER,5,1,2,4,0,63.2
US  , WTAU, GENERAL RUDDER,13,7,11,12,1,203.3
US  , ZCDJ7, GENOA EXPRESS,18,3,3,18,0,65.1
US  , A8PQ5, GEORGE N,14,3,7,10,0,95.3
US  , NMRY, GOLDEN BEAR,52,36,46,48,3,92.7
US  , WTEO, GORDON GUNTER (AWS),409,363,373,377,21,78.6
US  , C6SE3, GRANDEUR OF THE SEAS,13,2,5,12,0,65.4
US  , WDF7994, GREAT REPUBLIC,14,11,13,14,0,20.3
US  , WDD9433, GREEN BAY,5,0,1,4,0,85.2
US  , WCZ5238, GREEN DALE,16,5,12,15,0,45.3
US  , WDDI, GREEN LAKE,5,5,5,5,0,11
US  , WZZF, GREEN RIDGE,18,15,17,18,0,18.1
US  , WDC9138, GRETCHEN H,13,5,8,13,0,39.3
US  , YJUF7, GSF GRAND BANKS,178,93,137,149,9,69.9
US  , WDA5598, GULF TITAN,3,0,1,3,0,64
US  , C6CL6, H A SKLENAR,99,80,91,96,1,35.6
US  , WZD2465, H. LEE WHITE,17,8,14,15,0,42.1
US  , WTDF, HENRY B. BIGELOW (AWS),499,481,486,494,0,14
US  , YJQN7, HENRY GOODRICH,184,91,140,154,12,72.9
US  , WL3972, HERBERT C. JACKSON,15,8,9,10,1,94.6
US  , WTEY, HI\'IALAKAI (AWS),159,39,159,159,0,27.4
US  , WL3108, HON. JAMES L. OBERSTAR,56,13,18,22,12,204.2
US  , WDC6923, HONOR,17,14,17,17,0,12.8
US  , KGTX, HORIZON ANCHORAGE,139,49,85,87,52,553.7
US  , WZJC, HORIZON CHALLENGER,66,36,65,66,0,22.2
US  , WZJD, HORIZON DISCOVERY,43,34,41,42,1,38.2
US  , KRGB, HORIZON ENTERPRISE,33,5,6,6,27,1177.7
US  , KGTZ, HORIZON KODIAK,39,3,6,6,33,1221.5
US  , WPGK, HORIZON NAVIGATOR,186,131,136,138,48,382
US  , WSRL, HORIZON PACIFIC,46,23,38,40,6,212.4
US  , WJBJ, HORIZON PRODUCER,188,134,153,158,17,99.7
US  , WFLH, HORIZON RELIANCE,79,65,78,78,0,11.5
US  , WFLG, HORIZON SPIRIT,66,63,64,66,0,3.3
US  , KGTY, HORIZON TACOMA,36,16,22,24,0,87.8
US  , 9VAW8, HOSANGER,21,13,13,15,4,386.1
US  , KCDK, HOUSTON,35,28,32,34,1,44.3
US  , WBN3744, HUNTER,75,67,75,75,0,11.8
US  , WGAX, INDEPENDENCE II,43,15,17,20,23,781.7
US  , C6WW4, INDEPENDENCE OF THE SEAS,9,6,9,9,0,21.7
US  , WXN3191, INDIANA HARBOR,30,27,29,30,0,9
US  , WDD7905, INTEGRITY,70,65,67,69,0,19.4
US  , WDC6925, INTEGRITY,43,20,30,36,0,53.2
US  , WDC6588, ISLAND SCOUT,14,0,4,14,0,70.8
US  , WDF7020, JAMES L. KUBER,91,90,91,91,0,0
US  , WYP8657, JAMES R. BARKER,269,139,176,200,15,89.7
US  , WDC3786, JEAN ANNE,14,10,14,14,0,18.9
US  , A8PQ7, JENNY N,16,11,15,15,0,31.4
US  , VCYP, JOHN B. AIRD,27,10,19,19,2,205
US  , WE3806, JOHN G. MUNSON,145,124,139,142,1,10.7
US  , WZE4539, JOHN J. BOLAND,1,1,1,1,0,0
US  , WXY6216, JOSEPH L. BLOCK,695,1,392,449,119,231.9
US  , WTEU, KA'IMIMOANA (AWS),386,337,344,350,20,57
US  , WBS5272, KAREN ANDRIE,318,154,190,202,84,238.8
US  , WTK2245, KATRINA EM,9,5,6,9,0,28.6
US  , C6WK2, KAVERI SPIRIT,24,2,10,20,0,73.8
US  , WCY2920, KENNICOTT,23,14,23,23,0,19.6
US  , WDA7827, KILO MOANA,14,2,2,2,12,1227.8
US  , KAO107, KIYI,18,14,17,18,0,24.4
US  , KCEJ, KNORR,720,682,702,717,0,14.1
US  , KQXZ, KODIAK,18,14,17,18,0,11.5
US  , VRWJ7, KOTA JATI,58,32,41,47,1,65
US  , WCX7445, LAURENCE M. GOULD (AWS),599,597,599,599,0,11.1
US  , 3FJY6, LAVENDER PASSAGE,4,2,4,4,0,26.2
US  , WUR8857, LEE A. TREGURTHA,3,2,2,2,1,211.3
US  , WHIA, LIBERTY EAGLE,66,34,51,58,0,39.8
US  , WADP, LIBERTY GLORY,27,17,26,27,0,25.3
US  , WADN, LIBERTY GRACE,22,15,19,21,0,36.1
US  , KRAU, LIBERTY PRIDE,33,25,28,32,0,15.5
US  , WCOB, LIBERTY SUN,25,11,17,18,7,422
US  , ZCDV9, LIVORNO EXPRESS,20,14,20,20,0,26.5
US  , V7BW9, LNG GEMINI,55,17,40,41,13,365.7
US  , C6XQ5, LNG JUPITER,14,4,12,13,1,140.4
US  , V7BX2, LNG LEO,13,2,5,6,7,791.6
US  , ONFP, LOWLANDS ORCHID,47,1,2,47,0,69.6
US  , V7QK3, LYLA,101,6,29,39,27,242.4
US  , PFRO, MAASDAM,134,107,115,121,1,39.6
US  , WBDS, MAERSK CAROLINA,21,4,11,20,1,77.1
US  , WAHP, MAERSK GEORGIA,34,1,23,30,1,79.4
US  , WKPM, MAERSK IDAHO,59,9,30,55,0,62.2
US  , KABL, MAERSK IOWA,49,10,26,32,16,504
US  , WKPY, MAERSK KENTUCKY,58,33,38,53,0,52.6
US  , WAHV, MAERSK MISSOURI,13,10,13,13,0,19.3
US  , WCDP, MAERSK MONTANA,9,7,8,8,1,148.3
US  , KABP, MAERSK OHIO,52,14,21,27,25,713.7
US  , WHKM, MAERSK PEARY,44,6,25,37,0,74.7
US  , WKAB, MAERSK UTAH,68,33,50,60,2,58
US  , WAHK, MAERSK VIRGINIA,23,5,18,23,0,39.7
US  , 3FCC4, MAERSK WAKAYAMA,5,4,4,5,0,0
US  , WKPN, MAERSK WISCONSIN,49,14,38,47,0,49.8
US  , WKPF, MAERSK WYOMING,75,35,69,73,0,32
US  , WHRN, MAHIMAHI,12,10,11,11,1,135.8
US  , WYX2079, MAIA H,2,2,2,2,0,0
US  , C6FZ8, MAJESTY OF THE SEAS,23,20,23,23,0,14.3
US  , KBGK, MAJOR BERNARD F. FISHER,53,38,42,44,9,235.2
US  , WDB6831, MANISTEE,26,19,25,25,1,37.8
US  , WDE3569, MANITOWOC,85,83,85,85,0,10.4
US  , KDBG, MANOA,17,9,15,15,2,185.6
US  , WRGD, MANUKAI,14,4,4,4,10,923.5
US  , WECH, MANULANI,13,3,5,5,8,781.6
US  , C6TF8, MAPLE 2,39,5,19,21,11,317.6
US  , OUIY2, MARCHEN MAERSK,37,34,36,36,1,53.6
US  , WDC6698, MARCUS G. LANGSETH (AWS),733,707,713,714,15,31.9
US  , OUJI2, MAREN MAERSK,24,15,23,24,0,25.6
US  , 3FHX2, MARINE EXPRESS,12,0,4,11,0,99
US  , KSDF, MARY ANN HUDSON,72,50,66,72,0,23.3
US  , WN4201, MATANUSKA,2,0,1,2,0,60.5
US  , WSLH, MAUI,38,14,14,14,24,914.1
US  , KFMV, MAUNALEI,48,30,37,37,11,345.3
US  , WGEB, MAUNAWILI,19,4,5,5,14,967.4
US  , WECB, MELVILLE,596,547,558,560,28,51.8
US  , WYQ4356, MESABI MINER,45,13,16,24,6,175.9
US  , WAHG, MIDNIGHT SUN,8,4,7,7,1,199.6
US  , ONAR, MINERAL BEIJING,11,1,2,7,1,119.6
US  , VRKF5, MINERAL BELGIUM,9,1,1,3,0,136.2
US  , ONFW, MINERAL DALIAN,19,0,0,0,15,618.2
US  , ONAN, MINERAL NOBLE,25,1,4,19,0,96.3
US  , ONBF, MINERAL TIANJIN,2,0,0,2,0,71
US  , WNRD, MOKIHANA,47,26,38,38,9,296.3
US  , C6FZ9, MONARCH OF THE SEAS,20,10,19,20,0,31.4
US  , WCX9104, MONITOR,14,13,14,14,0,14.4
US  , VDWC, MONTREALAIS,8,8,8,8,0,0
US  , A8AT8, MORNING GLORY VIII,105,13,28,58,10,148
US  , TCZF2, MUSTAFA DAYI,6,0,0,6,0,86.2
US  , WDE7904, NACHIK,1,0,0,1,0,71
US  , WTER, NANCY FOSTER (AWS),296,284,289,293,0,14.8
US  , WBP3210, NATHANIEL B. PALMER (AWS),328,327,328,328,0,11.1
US  , C6FU4, NAVIGATOR OF THE SEAS,1,0,0,1,0,67
US  , VRBK5, NEW DELHI EXPRESS,9,4,8,9,0,35.3
US  , WKWB, NEW HORIZON,96,96,96,96,0,11
US  , PBWQ, NIEUW AMSTERDAM,32,17,27,28,4,183.7
US  , A8UD3, NOBLE GLOBETROTTER I,18,17,18,18,0,8.1
US  , KRPP, NOBLE STAR,18,6,7,8,10,809.1
US  , PHET, NOORDAM,62,22,38,42,11,199.7
US  , KIYI, NORTH STAR,129,89,124,125,4,65.6
US  , C6FT7, NORWEGIAN DAWN,437,182,239,308,20,93.3
US  , C6XP7, NORWEGIAN EPIC,27,7,11,24,0,66.6
US  , C6VG8, NORWEGIAN GEM,69,26,39,55,3,83.4
US  , C6WK7, NORWEGIAN JADE,232,118,196,219,3,44.6
US  , C6TX6, NORWEGIAN JEWEL,58,18,30,48,0,62.1
US  , C6VG7, NORWEGIAN PEARL,520,474,510,514,2,21.1
US  , C6PZ8, NORWEGIAN SKY,135,122,131,135,0,15.5
US  , C6TQ6, NORWEGIAN SPIRIT,37,28,34,37,0,26.9
US  , C6FR3, NORWEGIAN STAR,92,72,92,92,0,15.1
US  , C6RN3, NORWEGIAN SUN,7,6,7,7,0,3.3
US  , HOJY, NYK LIBRA,28,24,27,28,0,18.5
US  , 3FJM9, NYK ROSA,8,1,3,5,1,260.8
US  , 9V7645, NYK RUMINA,29,7,14,18,1,110.6
US  , 3FUL2, NYK TRITON,60,4,17,42,0,92.8
US  , C6XS7, OASIS OF THE SEAS,58,28,58,58,0,28.6
US  , V7DZ8, OCEAN CLIPPER,37,22,31,35,0,26.8
US  , WDF9323, OCEAN FREEDOM,37,10,25,31,6,263.7
US  , WBO5471, OCEAN HARVESTER,1,0,0,1,0,111
US  , WCF3990, OCEAN MARINER,33,18,25,33,0,33
US  , WTDH, OKEANOS EXPLORER (AWS),309,300,305,309,0,4.8
US  , WDF7019, OLIVE L. MOORE,144,136,143,143,0,6.8
US  , VRWE8, OOCL AMERICA,36,23,29,34,1,38
US  , VRDN3, OOCL BUSAN,11,0,4,10,0,70.7
US  , VRFX8, OOCL NAGOYA,53,18,50,52,0,40.8
US  , PBKH, OOSTERDAM,29,13,17,25,0,62.1
US  , 9VAR2, OPTIMANA,136,0,0,3,105,861.3
US  , A8HY8, ORANGE SUN,6,4,4,4,2,487.3
US  , WTDO, OREGON II (AWS),462,428,442,451,2,22.1
US  , WDF2960, OREGON VOYAGER,2,1,1,1,1,730.5
US  , VRAC9, ORIENTAL QUEEN,14,1,4,12,0,70.3
US  , WTEP, OSCAR DYSON,610,593,604,609,0,3.9
US  , WTEE, OSCAR ELTON SETTE  (AWS),57,48,49,50,3,73.5
US  , NWS0015, OSCAR ELTON SETTE (AWS),231,230,231,231,0,1.4
US  , ELPP9, OURO DO BRASIL,7,3,5,5,2,432.6
US  , V7HP2, OVERSEAS ALCESMAR,6,0,2,4,0,102.3
US  , KCHV, OVERSEAS ANACORTES,22,11,21,21,1,91.3
US  , V7HP4, OVERSEAS ANDROMAR,36,17,30,35,0,44.4
US  , WJBU, OVERSEAS BOSTON,67,22,42,42,25,549.3
US  , WOAG, OVERSEAS CASCADE,12,8,10,10,2,198.9
US  , WWAA, OVERSEAS HOUSTON,7,4,5,5,1,255.4
US  , V7NV4, OVERSEAS JOYCE,89,83,88,88,0,14.9
US  , WAAT, OVERSEAS LONG BEACH,15,3,8,8,6,598.1
US  , WABS, OVERSEAS LOS ANGELES,181,90,108,109,70,561.2
US  , WDC7070, OVERSEAS LUXMAR,14,7,10,13,0,49.7
US  , WDC6975, OVERSEAS MAREMAR,49,9,23,40,5,106.8
US  , WDBH, OVERSEAS NIKISKI,5,1,4,4,1,318.8
US  , WHED, OVERSEAS TEXAS CITY,6,1,4,6,0,50.8
US  , WDD9283, PACIFIC FREEDOM,6,0,3,6,0,55.8
US  , WDD9285, PARAGON,2,0,0,2,0,70.5
US  , WBN3014, PATRIARCH,4,4,4,4,0,0
US  , WQVY, PATRIOT,10,0,0,1,0,181.6
US  , C6TH9, PAUL GAUGUIN,237,78,123,174,0,72.9
US  , WYR4481, PAUL R. TREGURTHA,68,37,40,42,14,255.4
US  , WDC6736, PHILADELPHIA EXPRESS,196,79,119,122,74,556.8
US  , WE3592, PHILIP R. CLARKE,50,42,43,43,6,145.1
US  , WTDL, PISCES (AWS),529,521,525,527,1,14.1
US  , WAZV, POLAR ADVENTURE,13,12,13,13,0,7.8
US  , WDF5296, POLAR CLOUD,32,2,15,25,2,114.4
US  , WACW, POLAR DISCOVERY,76,15,68,76,0,41.2
US  , WDG2085, POLAR ENDURANCE,12,4,5,12,0,54.8
US  , WRTF, POLAR ENTERPRISE,33,9,33,33,0,28.8
US  , WDC8652, POLAR RANGER,1,0,0,1,0,111
US  , WDJK, POLAR RESOLUTION,241,134,236,239,1,30.5
US  , WRYW, PRESIDENT ADAMS,48,28,36,41,7,232.9
US  , WRYC, PRESIDENT JACKSON,46,21,32,35,11,363.5
US  , WRYD, PRESIDENT POLK,40,17,30,35,5,210.5
US  , WNDP, PRESIDENT TRUMAN,29,11,20,20,9,461.6
US  , WZE4928, PRESQUE ISLE,10,0,0,0,0,251
US  , WNBE, PRIDE OF AMERICA,32,24,32,32,0,13.4
US  , WUW2120, PRIDE OF BALTIMORE II,3,2,3,3,0,21
US  , PBGH, PRINSENDAM,7,3,4,7,0,42
US  , WBM5092, PT. THOMPSON,7,7,7,7,0,15.3
US  , WRJP, R. J. PFEIFFER,49,23,29,29,20,598.5
US  , KGCJ, R. M. THORSTENSON,3,0,1,3,0,87.3
US  , C6SE7, RADIANCE OF THE SEAS,45,30,42,43,0,33.1
US  , WTEF, RAINIER,119,108,118,119,0,14.1
US  , WCW7977, REBECCA LYNN,29,18,27,28,0,23
US  , WDD2451, REDOUBT,5,1,2,3,2,282.6
US  , WCZ5535, RESOLVE,41,14,22,26,13,448
US  , C6UA2, RHAPSODY OF THE SEAS,53,41,49,53,0,24.9
US  , WDA4486, ROBERT C. SEAMANS,1,0,1,1,0,41
US  , WSQ2674, ROBERT GORDON SPROUL (AWS),239,233,235,235,1,15.4
US  , CFN4934, ROBERT S. PIERSON,8,4,7,8,0,27.2
US  , WZP8164, ROGER BLOUGH,157,115,139,146,4,51
US  , KAOU, ROGER REVELLE,704,663,667,669,29,46.7
US  , A8PQ3, RONALD N,2,1,2,2,0,31
US  , PHFV, RYNDAM,32,25,30,32,0,21.1
US  , KAWM, S/R AMERICAN PROGRESS,34,14,27,34,0,32.2
US  , MRWF2, SAFMARINE MAKUTU,20,12,19,19,1,93.7
US  , VRZQ9, SAGA MONAL,22,8,13,17,0,62.6
US  , VRDA4, SAGA NAVIGATOR,1,0,0,1,0,91
US  , VRXO6, SAGA VIKING,24,0,15,22,0,64.2
US  , C6NO5, SAIPEM 7000,57,48,55,57,0,12.3
US  , WZC7602, SAM LAUD,26,10,12,25,1,90.3
US  , WDC8307, SAMUEL DE CHAMPLAIN,13,6,11,11,1,112.5
US  , MGYB8, SANTA MONICA,56,52,54,55,1,26.2
US  , HZRX, SAUDI ABHA,3,3,3,3,0,10.7
US  , HZZB, SAUDI DIRIYAH,26,22,25,25,1,46.1
US  , HZZD, SAUDI TABUK,34,12,13,13,21,493
US  , WYT8569, SEA PRINCE,10,10,10,10,0,20
US  , WCX9106, SEA VOYAGER,56,28,35,56,0,33.2
US  , WKAU, SEA-LAND CHAMPION,20,0,4,15,0,99.2
US  , WDB9948, SEA-LAND CHARGER,35,29,32,35,0,17.7
US  , WDB9950, SEA-LAND COMET,50,45,50,50,0,12.7
US  , WKAE, SEA-LAND EAGLE,44,29,36,41,3,79.5
US  , WDB9949, SEA-LAND INTREPID,33,16,21,23,9,372.8
US  , WDB9986, SEA-LAND LIGHTNING,45,18,28,28,17,556.1
US  , WKAW, SEA-LAND MERCURY,60,20,41,42,18,450.4
US  , WDB9951, SEA-LAND METEOR,50,12,37,49,0,45.5
US  , WKAP, SEA-LAND RACER,61,34,51,58,3,98.7
US  , WCY7054, SEABULK ARCTIC,14,4,4,5,8,595.3
US  , KNJK, SEABULK TRADER,37,4,27,36,0,52.1
US  , WBN3013, SENTRY,18,18,18,18,0,12.9
US  , C6VV8, SEVEN SEAS MARINER,44,38,43,44,0,15.8
US  , C6SW3, SEVEN SEAS VOYAGER,4,3,3,4,0,27.2
US  , WDE2542, SHEILA MCDEVITT,32,20,28,31,0,24.2
US  , WSNB, SIERRA,10,8,10,10,0,9.9
US  , WCQ6174, SIKU,14,0,4,14,0,73.1
US  , 9VAH, SIRANGER,46,12,33,35,0,84.1
US  , OYOS2, SKAGEN MAERSK,26,15,21,25,0,36.5
US  , ELQQ4, SOL DO BRASIL,16,12,15,15,1,109.4
US  , C6TZ9, SPLENDOUR OF THE SEAS,193,127,181,193,0,27.5
US  , WDD3825, ST LOUIS EXPRESS,363,62,67,72,291,1158.1
US  , WZA4027, ST. CLAIR,4,3,3,4,0,13.5
US  , WYL4909, STACEY FOSS,10,0,2,10,0,76.8
US  , LAVV4, STAR AMERICA,13,10,11,11,2,238.4
US  , LAYG5, STAR ATLANTIC,19,19,19,19,0,9.4
US  , LAWO2, STAR EAGLE,33,16,19,21,12,538.8
US  , LAHE2, STAR EVVIVA,12,4,6,9,3,384.2
US  , LAVW4, STAR FLORIDA,37,34,36,36,1,18.6
US  , LAVY4, STAR FRASER,15,10,12,13,0,34.1
US  , LAVX4, STAR FUJI,18,1,4,7,7,316.3
US  , LADR4, STAR GRAN,27,27,27,27,0,8.5
US  , LAXP4, STAR HANSA,33,26,28,31,2,97
US  , LAVD4, STAR HERDLA,2,2,2,2,0,6
US  , LAVN4, STAR HIDRA,47,37,41,45,1,30.3
US  , LAOX5, STAR ISFJORD,21,20,20,20,1,77.8
US  , LANT5, STAR ISMENE,9,6,8,8,1,176.7
US  , LAMP5, STAR ISTIND,4,4,4,4,0,9.2
US  , LAJS6, STAR JAVA,31,27,27,30,0,12.2
US  , LAZU5, STAR JUVENTAS,28,17,25,26,2,167.4
US  , LAJK7, STAR KVARVEN,9,2,3,9,0,62
US  , WCAH, STATE OF MAINE,44,29,33,34,2,92.5
US  , PHSG, STATENDAM,19,19,19,19,0,14.9
US  , WDC6055, STEWART J. CORT,23,4,6,7,10,692.5
US  , WDC8583, STIKINE,4,1,4,4,0,33.5
US  , WDG2051, STIMSON,24,8,14,19,0,66.2
US  , WDE4432, SUNSHINE STATE,7,6,7,7,0,21.9
US  , C6DM2, SUPERSTAR LIBRA,101,81,99,100,0,3
US  , VRCQ2, SYLVIE,2,0,2,2,0,36.5
US  , LAOW5, TALISMAN,10,8,10,10,0,18.8
US  , C6XC2, TANGGUH HIRI,89,62,83,88,0,23.6
US  , KTDQ, THOMAS G. THOMPSON,9,8,8,9,0,13.3
US  , WTEA, THOMAS JEFFERSON,364,359,362,363,0,11.8
US  , VGPY, TIM S. DOOL,54,27,46,51,3,107.1
US  , WCX2255, TIME BANDIT,1,0,1,1,0,31
US  , WDC9555, TRIUMPH,1,1,1,1,0,30
US  , J8PE3, TROPIC CARIB,23,20,23,23,0,21
US  , J8PR3, TROPIC DAWN,1,0,0,0,1,810
US  , HO7723, TROPIC EXPRESS,20,20,20,20,0,16.8
US  , J8NY, TROPIC JADE,13,1,5,5,8,893
US  , J8PD, TROPIC LURE,25,7,24,24,1,87.2
US  , J8NX, TROPIC NIGHT,21,14,19,19,2,158.9
US  , J8NW, TROPIC OPAL,40,40,40,40,0,11.1
US  , J8PB, TROPIC PALM,21,10,21,21,0,31
US  , J8AZ2, TROPIC SUN,12,11,12,12,0,22.9
US  , J8PE4, TROPIC UNITY,22,20,21,21,1,83.4
US  , WDE8761, TUG DOROTHY ANN,77,68,69,74,2,47.6
US  , WDF5483, TUG SPARTAN,214,112,133,140,52,338.9
US  , WNGW, TUSTUMENA,221,169,218,219,0,13
US  , V7DI7, TYCO DECISIVE,90,59,82,82,8,148.8
US  , V7DI8, TYCO DURABLE,8,3,5,5,3,554.6
US  , P3GY9, UBC SAIKI,19,5,15,16,0,58.2
US  , 5BDK2, UBC SANTA MARTA,1,0,0,1,0,102
US  , VRCV5, UNIQUE CARRIER,56,27,38,46,0,52.1
US  , VRGT8, UNIQUE EXPLORER,11,2,6,7,0,76.1
US  , VRWV4, UNIQUE SUNSHINE,12,4,9,12,0,38.6
US  , ELYB2, UNITED SPIRIT,1,1,1,1,0,1
US  , PHEO, VEENDAM,33,29,32,33,0,14.8
US  , WDE2719, VIGILANT,38,26,33,38,0,19.2
US  , KSPH, VIRGINIAN,63,41,43,43,20,465.2
US  , C6SE8, VISION OF THE SEAS,7,2,6,7,0,40.6
US  , PCHM, VOLENDAM,221,195,206,211,5,38.1
US  , C6SE5, VOYAGER OF THE SEAS,1,0,1,1,0,41
US  , WXU3434, WALTER J. MCCARTHY JR.,66,49,55,57,2,53.2
US  , WDD3826, WASHINGTON EXPRESS,87,39,51,52,35,591.6
US  , WDF8784, WENDY O.,24,3,6,21,1,99.7
US  , 3EMK6, WEST SIRIUS,5,3,4,5,0,34.8
US  , PINX, WESTERDAM,36,34,36,36,0,9.5
US  , C6SI4, WESTWOOD COLUMBIA,31,0,3,30,0,85.1
US  , C6UB2, WESTWOOD OLYMPIA,42,33,38,38,4,153.9
US  , WC5932, WILFRED SYKES,696,0,515,566,37,108.3
US  , WCY2270, WOLSTAD,4,0,1,4,0,75.8
US  , ELWG7, WORLD SPIRIT,48,30,46,46,0,28.6
US  , VRET5, YM ANTWERP,27,10,18,19,7,186.7
US  , VREX8, YM BUSAN,2,2,2,2,0,20.5
US  , WDD6127, YORKTOWN EXPRESS,27,12,15,17,7,395.3
US  , H9TE, YUHSAN,319,42,75,144,29,204.1
US  , PDAN, ZAANDAM,72,48,55,58,9,116.6
US  , A8SI3, ZIM LOS ANGELES,16,15,16,16,0,13.5
US  , A8SI5, ZIM NINGBO,29,26,27,29,0,12.6
US  , VRGA6, ZIM SHANGHAI,5,1,5,5,0,36.6
US  , PBIG, ZUIDERDAM,115,89,95,102,8,113.4
ZZ  , GHJV, Lord Nelson,16,11,14,14,0,18.9
ZZ  , ZQHM2, TENACIOUS,1,0,0,0,0,173
ZZ  , 3EPD8, TRINITY ARROW,21,12,20,21,0,31.2
ZZ  , 3FMV6, TRINITY GLORY,37,17,28,36,0,40.6
